precision,recall,threshold
0.6271929824561403,1.0,5.399494823996437e-05
0.6275862068965518,1.0,0.00016056412691048302
0.6279799247176914,1.0,0.00028332395507847826
0.6283741368487131,1.0,0.0006198531168389565
0.6287688442211056,1.0,0.0007395437156008547
0.6291640477686989,1.0,0.0008028643817931017
0.6295597484276729,1.0,0.0009183918034287689
0.6299559471365639,1.0,0.0012736093856318216
0.6303526448362721,1.0,0.0012803519258576433
0.6307498424700693,1.0,0.0012839491202794766
0.6305170239596469,0.999000999000999,0.0015968891050862231
0.6309148264984227,0.999000999000999,0.0017152222515203846
0.6313131313131313,0.999000999000999,0.0018308906928362076
0.6317119393556538,0.999000999000999,0.001890224488170138
0.6321112515802781,0.999000999000999,0.0019134643063095107
0.6325110689437066,0.999000999000999,0.0025313448274376657
0.6329113924050633,0.999000999000999,0.002540149753420516
0.6333122229259025,0.999000999000999,0.0032928534234821713
0.6337135614702155,0.999000999000999,0.0034752364430754054
0.6341154090044389,0.999000999000999,0.0034969197836100725
0.6338832487309645,0.998001998001998,0.0037700123604158344
0.6342857142857142,0.998001998001998,0.004414270894314681
0.6346886912325286,0.998001998001998,0.004804952669180058
0.635092180546726,0.998001998001998,0.005589298932266032
0.6354961832061069,0.998001998001998,0.00572546548988043
0.6359007001909611,0.998001998001998,0.005859058475567535
0.6363057324840764,0.998001998001998,0.0058883958405562984
0.6367112810707457,0.998001998001998,0.006064290411873143
0.6371173469387755,0.998001998001998,0.006262274635653879
0.6375239310784939,0.998001998001998,0.006391063493216289
0.6372924648786717,0.997002997002997,0.006943895877764979
0.6376996805111821,0.997002997002997,0.007486143279947757
0.6381074168797954,0.997002997002997,0.007544738712097424
0.6385156749840051,0.997002997002997,0.008217679359642944
0.6389244558258643,0.997002997002997,0.008335783825262583
0.6393337604099936,0.997002997002997,0.009217157150239167
0.6397435897435897,0.997002997002997,0.011027450538411228
0.6401539448364336,0.997002997002997,0.011589410751281743
0.6405648267008985,0.997002997002997,0.012139837352950041
0.6409762363519589,0.997002997002997,0.012262796921715965
0.6413881748071979,0.997002997002997,0.013047972784176782
0.6411575562700965,0.996003996003996,0.013630838533153026
0.6415701415701416,0.996003996003996,0.013769722347872848
0.6419832582099163,0.996003996003996,0.015970496407703292
0.6423969072164949,0.996003996003996,0.016416537772324224
0.6428110896196002,0.996003996003996,0.016628337119242106
0.6432258064516129,0.996003996003996,0.016814883181500397
0.643641058747579,0.996003996003996,0.016980694562995828
0.6440568475452196,0.996003996003996,0.017033426240459063
0.6444731738849386,0.996003996003996,0.017220151341113082
0.6448900388098319,0.996003996003996,0.017665972050409838
0.6453074433656958,0.996003996003996,0.017677312454536697
0.6457253886010362,0.996003996003996,0.01865542383712779
0.6461438755670771,0.996003996003996,0.01897227399141869
0.6465629053177692,0.996003996003996,0.01900034378540123
0.6463335496430889,0.995004995004995,0.01922178285754957
0.6467532467532467,0.995004995004995,0.01927506227116841
0.6471734892787524,0.995004995004995,0.0193453323597561
0.647594278283485,0.995004995004995,0.01943201723132719
0.6480156148340924,0.995004995004995,0.019532040468872424
0.6484375,0.995004995004995,0.019586364758984627
0.6488599348534202,0.995004995004995,0.020624268995522096
0.6486310299869622,0.994005994005994,0.02062964233454738
0.6490541422048272,0.994005994005994,0.020692834508042508
0.6494778067885117,0.994005994005994,0.020820897304438653
0.6499020248203788,0.994005994005994,0.02091502678934296
0.6503267973856209,0.994005994005994,0.02099484944796369
0.6507521255722695,0.994005994005994,0.021619589789136404
0.6511780104712042,0.994005994005994,0.021642333653299203
0.6516044531761624,0.994005994005994,0.02165617166622415
0.6520314547837484,0.994005994005994,0.021771270423128854
0.6524590163934426,0.994005994005994,0.022040785219331508
0.6528871391076115,0.994005994005994,0.0223115864532949
0.6533158240315168,0.994005994005994,0.023068941608341675
0.6537450722733246,0.994005994005994,0.02334809499810021
0.6541748849441157,0.994005994005994,0.02349106833994948
0.6539473684210526,0.993006993006993,0.02351528048349496
0.6537195523370638,0.9920079920079921,0.02356957007409735
0.6541501976284585,0.9920079920079921,0.0237398780826997
0.6545814106789717,0.9920079920079921,0.024353286345194236
0.6543535620052771,0.991008991008991,0.024681632464792495
0.6547854785478547,0.991008991008991,0.025226315187786712
0.655217965653897,0.991008991008991,0.02552827171526449
0.6556510244547257,0.991008991008991,0.025708974879038574
0.656084656084656,0.991008991008991,0.025723372407747254
0.6565188616810059,0.991008991008991,0.025993632271169957
0.6569536423841059,0.991008991008991,0.02634028253659741
0.6573889993373094,0.991008991008991,0.0264599838519543
0.6571618037135278,0.99000999000999,0.027385150789639417
0.6575978765759788,0.99000999000999,0.02754412018121127
0.6580345285524568,0.99000999000999,0.027641917464398476
0.6584717607973422,0.99000999000999,0.027703658297416042
0.6589095744680851,0.99000999000999,0.02786019889371489
0.6593479707252162,0.99000999000999,0.027959926291153913
0.6597869507323568,0.99000999000999,0.02810615596181223
0.6602265156562291,0.99000999000999,0.028134306498302685
0.6606666666666666,0.99000999000999,0.028302167415874654
0.6611074049366245,0.99000999000999,0.03106988613636115
0.6615487316421896,0.99000999000999,0.0316722141643675
0.6619906479625919,0.99000999000999,0.03188848101686715
0.6624331550802139,0.99000999000999,0.032254698215112905
0.662876254180602,0.99000999000999,0.03248508217218464
0.6633199464524766,0.99000999000999,0.03313885788391405
0.6630944407233758,0.989010989010989,0.033308608060190224
0.6635388739946381,0.989010989010989,0.033383167146509025
0.6639839034205232,0.989010989010989,0.0353277031785978
0.6644295302013423,0.989010989010989,0.03550188264481405
0.6648757555406313,0.989010989010989,0.03552534563253986
0.6653225806451613,0.989010989010989,0.03584391832813417
0.6657700067249496,0.989010989010989,0.036106309278710697
0.6662180349932705,0.989010989010989,0.0362151284910303
0.6666666666666666,0.989010989010989,0.036922861113803364
0.6671159029649596,0.989010989010989,0.03770668481920049
0.667565745111261,0.989010989010989,0.03795769538231782
0.6680161943319838,0.989010989010989,0.038009581300237086
0.6684672518568535,0.989010989010989,0.03813384715699852
0.6682432432432432,0.988011988011988,0.03868445480479239
0.6686950642325896,0.988011988011988,0.0388812551778921
0.6691474966170501,0.988011988011988,0.03960185941415655
0.6696005416384563,0.988011988011988,0.0400359200808801
0.6700542005420054,0.988011988011988,0.04076983165143456
0.6705084745762712,0.988011988011988,0.04096665046431462
0.6709633649932157,0.988011988011988,0.04133178396267027
0.6714188730482009,0.988011988011988,0.04165990446070907
0.671875,0.988011988011988,0.04257884907348107
0.672331747110809,0.988011988011988,0.04258309951026416
0.6727891156462585,0.988011988011988,0.042777003334305445
0.6732471068754254,0.988011988011988,0.043473228161781015
0.6737057220708447,0.988011988011988,0.04360917499055038
0.6734832992501704,0.987012987012987,0.04424765923287662
0.6739427012278308,0.987012987012987,0.04458435006726477
0.6744027303754266,0.987012987012987,0.044903932267725176
0.674863387978142,0.987012987012987,0.04520820104574866
0.6753246753246753,0.987012987012987,0.04536543411116125
0.6757865937072504,0.987012987012987,0.04584011419960302
0.676249144421629,0.987012987012987,0.04587743067010922
0.6767123287671233,0.987012987012987,0.04632992738857445
0.6764907470870459,0.986013986013986,0.04665878752358836
0.676954732510288,0.986013986013986,0.04690323084618491
0.6774193548387096,0.986013986013986,0.047777287482919414
0.6778846153846154,0.986013986013986,0.04806478474995237
0.6783505154639176,0.986013986013986,0.04816221361222772
0.6788170563961485,0.986013986013986,0.04833476389109557
0.6792842395044735,0.986013986013986,0.04835797839824519
0.6797520661157025,0.986013986013986,0.048371330117008046
0.6802205375603032,0.986013986013986,0.05156893409274531
0.6806896551724138,0.986013986013986,0.05274408735837326
0.6811594202898551,0.986013986013986,0.05309986212242051
0.6816298342541437,0.986013986013986,0.05341359348752101
0.6814098134070491,0.985014985014985,0.05366115464727875
0.681881051175657,0.985014985014985,0.054136462210314
0.6823529411764706,0.985014985014985,0.054432259250742215
0.682825484764543,0.985014985014985,0.055514113071302905
0.6832986832986833,0.985014985014985,0.056367651127754576
0.6837725381414702,0.985014985014985,0.056477446210301194
0.6842470506592644,0.985014985014985,0.05675916366268108
0.6847222222222222,0.985014985014985,0.058176403659096036
0.6851980542043086,0.985014985014985,0.05840620822291397
0.6856745479833102,0.985014985014985,0.058495198349000646
0.686151704940849,0.985014985014985,0.05867411593108734
0.6866295264623955,0.985014985014985,0.05973541282327826
0.6871080139372823,0.985014985014985,0.0612881634132218
0.6875871687587168,0.985014985014985,0.061385521302048704
0.6880669923237962,0.985014985014985,0.06156288360655468
0.6885474860335196,0.985014985014985,0.06189879980497969
0.6890286512928022,0.985014985014985,0.06318297702611661
0.6895104895104895,0.985014985014985,0.06324203720110888
0.689293212036389,0.984015984015984,0.06324617050424967
0.6897759103641457,0.984015984015984,0.06325320536998125
0.6902592852137351,0.984015984015984,0.06347859849596812
0.6907433380084151,0.984015984015984,0.06581020307648217
0.6912280701754386,0.984015984015984,0.06668935181327401
0.6917134831460674,0.984015984015984,0.0667199928290232
0.6921995783555868,0.984015984015984,0.06743183821962785
0.6926863572433193,0.984015984015984,0.06776817560752277
0.6931738212526389,0.984015984015984,0.06782956283605127
0.6936619718309859,0.984015984015984,0.06801109408121803
0.6941508104298802,0.984015984015984,0.06914793152515696
0.6946403385049366,0.984015984015984,0.0706486990827106
0.6951305575158786,0.984015984015984,0.07082158313500816
0.6949152542372882,0.983016983016983,0.07121455561515615
0.6954063604240283,0.983016983016983,0.07247118539214789
0.695898161244696,0.983016983016983,0.07311180766069793
0.6963906581740976,0.983016983016983,0.07314470478441926
0.6968838526912181,0.983016983016983,0.07419754066571849
0.6966690290574061,0.9820179820179821,0.07451340277240906
0.6971631205673758,0.9820179820179821,0.07466969568767605
0.6976579134137686,0.9820179820179821,0.0748310253835286
0.6981534090909091,0.9820179820179821,0.07547031554061244
0.6986496090973703,0.9820179820179821,0.07738637680182535
0.6991465149359887,0.9820179820179821,0.07824144976545745
0.699644128113879,0.9820179820179821,0.0787524929381726
0.7001424501424501,0.9820179820179821,0.07885946017383076
0.7006414825374199,0.9820179820179821,0.07897619280586461
0.7011412268188303,0.9820179820179821,0.07904683153849212
0.7009279086366881,0.981018981018981,0.0801130523223915
0.7014285714285714,0.981018981018981,0.08063061423941285
0.7019299499642602,0.981018981018981,0.08064132434007709
0.7024320457796852,0.981018981018981,0.08139301523953799
0.7029348604151754,0.981018981018981,0.08151815912458427
0.7034383954154728,0.981018981018981,0.08177103787921722
0.7039426523297491,0.981018981018981,0.08182147444759041
0.7044476327116213,0.981018981018981,0.08508092833225946
0.7049533381191673,0.981018981018981,0.0856912397028242
0.7054597701149425,0.981018981018981,0.0870925645941417
0.7059669302659957,0.981018981018981,0.087102526871499
0.7064748201438849,0.981018981018981,0.08737745543656951
0.706983441324694,0.981018981018981,0.0896373317638642
0.707492795389049,0.981018981018981,0.09009984328679727
0.7072819033886085,0.98001998001998,0.09154425131880997
0.7077922077922078,0.98001998001998,0.09252945179915861
0.7083032490974729,0.98001998001998,0.09284074666171087
0.7088150289017341,0.98001998001998,0.09376749053894975
0.7093275488069414,0.98001998001998,0.09642811712133009
0.7098408104196816,0.98001998001998,0.0971104040534714
0.7103548153511948,0.98001998001998,0.09828648123088081
0.7108695652173913,0.98001998001998,0.09903975390211249
0.7113850616388687,0.98001998001998,0.09910476530594967
0.7119013062409288,0.98001998001998,0.10048500024612729
0.7124183006535948,0.98001998001998,0.10131069396558298
0.7129360465116279,0.98001998001998,0.10186501909949962
0.7134545454545455,0.98001998001998,0.10244696270478991
0.7139737991266376,0.98001998001998,0.10364556323934954
0.7144938091769847,0.98001998001998,0.10371308008740851
0.7150145772594753,0.98001998001998,0.10409939271801923
0.7155361050328227,0.98001998001998,0.10452963727471809
0.7160583941605839,0.98001998001998,0.1051242121963646
0.716581446311176,0.98001998001998,0.10664025003097384
0.7171052631578947,0.98001998001998,0.10674557752748413
0.717629846378932,0.98001998001998,0.10757455813818229
0.7181551976573939,0.98001998001998,0.10890570097100465
0.7186813186813187,0.98001998001998,0.10955317305054567
0.719208211143695,0.98001998001998,0.11034076988040047
0.7197358767424799,0.98001998001998,0.11056133508321202
0.7202643171806168,0.98001998001998,0.11067457984674345
0.7207935341660544,0.98001998001998,0.11209493520737882
0.7213235294117647,0.98001998001998,0.11289338448019592
0.7218543046357616,0.98001998001998,0.11360813144776313
0.7216494845360825,0.9790209790209791,0.11398817346765135
0.7214443625644805,0.978021978021978,0.11444589897187689
0.721976401179941,0.978021978021978,0.11523791432956434
0.7217712177121771,0.977022977022977,0.11532718934089961
0.7223042836041359,0.977022977022977,0.11619990975598805
0.7228381374722838,0.977022977022977,0.11621882130002557
0.7233727810650887,0.977022977022977,0.11645904271367973
0.7239082161361954,0.977022977022977,0.11702065409646971
0.7244444444444444,0.977022977022977,0.11763031355817047
0.7249814677538917,0.977022977022977,0.11792159919556511
0.7255192878338279,0.977022977022977,0.11918741993003737
0.7260579064587973,0.977022977022977,0.12078873901337864
0.7265973254086181,0.977022977022977,0.12149153960702672
0.7263940520446097,0.9760239760239761,0.1228113073938601
0.7269345238095238,0.9760239760239761,0.12453048752168631
0.727475800446761,0.9760239760239761,0.12467794152828061
0.7280178837555886,0.9760239760239761,0.1265854574685423
0.7278150633855331,0.975024975024975,0.12834151699447502
0.7283582089552239,0.975024975024975,0.12889857306555833
0.7289021657953697,0.975024975024975,0.1310740394122426
0.7294469357249627,0.975024975024975,0.13187704744172504
0.7299925205684368,0.975024975024975,0.13209142481436772
0.7305389221556886,0.975024975024975,0.13227069150918166
0.7310861423220973,0.975024975024975,0.13238076992621645
0.7316341829085458,0.975024975024975,0.1333808003139463
0.7321830457614403,0.975024975024975,0.13539353318266825
0.7327327327327328,0.975024975024975,0.13640252427608893
0.7332832456799399,0.975024975024975,0.1383396627899162
0.7338345864661654,0.975024975024975,0.13892452735587038
0.7343867569601203,0.975024975024975,0.13960820450484115
0.7349397590361446,0.975024975024975,0.1396751511539096
0.7354935945742276,0.975024975024975,0.1405080980965301
0.7360482654600302,0.975024975024975,0.14126597528772203
0.7366037735849057,0.975024975024975,0.14156632840612285
0.7371601208459214,0.975024975024975,0.14167895905866945
0.7377173091458806,0.975024975024975,0.14399860584407656
0.7382753403933434,0.975024975024975,0.14444950314837549
0.7388342165026495,0.975024975024975,0.14568908170639355
0.7393939393939394,0.975024975024975,0.14639343050929177
0.7399545109931767,0.975024975024975,0.1467458445460328
0.7405159332321699,0.975024975024975,0.14797593712472257
0.7410782080485953,0.975024975024975,0.1484409420788882
0.7416413373860182,0.975024975024975,0.14965973032952193
0.7422053231939163,0.975024975024975,0.15060315941109118
0.7427701674277016,0.975024975024975,0.15081680215716445
0.7433358720487433,0.975024975024975,0.15177075559461034
0.7439024390243902,0.975024975024975,0.152529432359489
0.7444698703279939,0.975024975024975,0.1527224194043798
0.7450381679389313,0.975024975024975,0.15399979673355818
0.745607333842628,0.975024975024975,0.15463024507643394
0.746177370030581,0.975024975024975,0.1548911683546633
0.7459831675592961,0.974025974025974,0.1562135915553008
0.7457886676875957,0.973026973026973,0.1573199701012948
0.746360153256705,0.973026973026973,0.15855264454240783
0.7469325153374233,0.973026973026973,0.16007732085332324
0.7475057559478128,0.973026973026973,0.16010079594812282
0.7480798771121352,0.973026973026973,0.1601858307134663
0.7486548808608763,0.973026973026973,0.16019504128730622
0.7492307692307693,0.973026973026973,0.16134950985021054
0.7498075442648191,0.973026973026973,0.16181227627771944
0.7503852080123267,0.973026973026973,0.1623978318252921
0.7509637625289128,0.973026973026973,0.16355283059810488
0.7515432098765432,0.973026973026973,0.16476196454303704
0.7521235521235521,0.973026973026973,0.16489611309844193
0.7527047913446677,0.973026973026973,0.16749032217195337
0.7525135344160866,0.972027972027972,0.1674985236889016
0.7530959752321982,0.972027972027972,0.16830893862091095
0.7536793183578622,0.972027972027972,0.16832642151249957
0.7542635658914729,0.972027972027972,0.16854089132842537
0.7548487199379363,0.972027972027972,0.17076387136144366
0.7554347826086957,0.972027972027972,0.17206900859680158
0.756021756021756,0.972027972027972,0.17274725592287488
0.7566096423017107,0.972027972027972,0.1737132772824607
0.756420233463035,0.971028971028971,0.1740458658711125
0.7570093457943925,0.971028971028971,0.17540247981304946
0.7575993764614185,0.971028971028971,0.17562767793350817
0.7581903276131046,0.971028971028971,0.1769448594079939
0.7587822014051522,0.971028971028971,0.17759934227421392
0.759375,0.971028971028971,0.17855334668524872
0.7599687255668491,0.971028971028971,0.17953514539654727
0.7605633802816901,0.971028971028971,0.18020440336252305
0.7603758809710258,0.97002997002997,0.1830999547235992
0.7609717868338558,0.97002997002997,0.18321133600535178
0.7615686274509804,0.97002997002997,0.18367472958756048
0.7613814756671899,0.9690309690309691,0.183677476801275
0.7619795758051846,0.9690309690309691,0.1847203301425263
0.7625786163522013,0.9690309690309691,0.18519950394194423
0.7631785995279308,0.9690309690309691,0.18534367683424027
0.7637795275590551,0.9690309690309691,0.18536644545125933
0.764381402679275,0.9690309690309691,0.186095600934931
0.7649842271293376,0.9690309690309691,0.18792173908043083
0.7647987371744278,0.968031968031968,0.19038405069268963
0.7654028436018957,0.968031968031968,0.19222215022691422
0.7652173913043478,0.967032967032967,0.19517515237146718
0.7658227848101266,0.967032967032967,0.19529917410198908
0.7664291369754552,0.967032967032967,0.19537556870025743
0.7670364500792393,0.967032967032967,0.1958058874044574
0.767644726407613,0.967032967032967,0.19637101905805335
0.7682539682539683,0.967032967032967,0.19777045972007876
0.7680698967434472,0.9660339660339661,0.1986727554640726
0.7686804451510334,0.9660339660339661,0.1995961699278984
0.7692919649960223,0.9660339660339661,0.20077399986555514
0.7691082802547771,0.965034965034965,0.20084374432933538
0.7697211155378486,0.965034965034965,0.2011697075853716
0.7703349282296651,0.965034965034965,0.2017742377467376
0.770949720670391,0.965034965034965,0.20180356232454913
0.7715654952076677,0.965034965034965,0.2019741504350133
0.7721822541966427,0.965034965034965,0.20245154157954948
0.7728,0.965034965034965,0.20281380813995983
0.7734187349879904,0.965034965034965,0.20318828971907976
0.7740384615384616,0.965034965034965,0.20472406132664206
0.7746591820368885,0.965034965034965,0.20480998511622708
0.7752808988764045,0.965034965034965,0.20531204657671656
0.7759036144578313,0.965034965034965,0.2059175112678563
0.7765273311897106,0.965034965034965,0.2063933307142471
0.7771520514883347,0.965034965034965,0.20823988605055604
0.7777777777777778,0.965034965034965,0.20914550932002637
0.7784045124899275,0.965034965034965,0.20937610189490236
0.7790322580645161,0.965034965034965,0.20964121496440707
0.7796610169491526,0.965034965034965,0.2111616470693312
0.7802907915993538,0.965034965034965,0.21116621901797417
0.7809215844785772,0.965034965034965,0.21277487673489992
0.7815533980582524,0.965034965034965,0.21536781927047724
0.7821862348178138,0.965034965034965,0.21610986507951685
0.7828200972447326,0.965034965034965,0.21664963468580678
0.7834549878345499,0.965034965034965,0.21749460606281146
0.7840909090909091,0.965034965034965,0.21824600006471237
0.784727863525589,0.965034965034965,0.2184631502990514
0.7853658536585366,0.965034965034965,0.219286080449558
0.7860048820179008,0.965034965034965,0.21939267374695
0.7866449511400652,0.965034965034965,0.21995871556331367
0.7872860635696821,0.965034965034965,0.22012625922874537
0.7871125611745514,0.964035964035964,0.22211051268031126
0.7877551020408163,0.964035964035964,0.22223073824963474
0.7883986928104575,0.964035964035964,0.22252732652132812
0.7890433360588717,0.964035964035964,0.22284802871508175
0.7896890343698855,0.964035964035964,0.22634164638536286
0.7903357903357904,0.964035964035964,0.22755773353984696
0.7901639344262295,0.9630369630369631,0.2277600986560923
0.7908121410992617,0.9630369630369631,0.2287926313792758
0.7914614121510674,0.9630369630369631,0.2296799041343172
0.7912900575184881,0.962037962037962,0.2304332025359084
0.7911184210526315,0.961038961038961,0.2311223183005967
0.7917695473251029,0.961038961038961,0.23138743956196015
0.7924217462932455,0.961038961038961,0.23225665868571518
0.7930750206100577,0.961038961038961,0.23497907227140846
0.7937293729372937,0.961038961038961,0.23558976957508582
0.7943848059454995,0.961038961038961,0.236163529968912
0.7950413223140496,0.961038961038961,0.23854958948245886
0.7956989247311828,0.961038961038961,0.23866551592568966
0.7963576158940397,0.961038961038961,0.24108585957491477
0.7970173985086992,0.961038961038961,0.24165717705782494
0.796849087893864,0.9600399600399601,0.24365022109098838
0.7975103734439835,0.9600399600399601,0.2455346600950328
0.7981727574750831,0.9600399600399601,0.2469704185931251
0.798836242726517,0.9600399600399601,0.2469772203851259
0.7995008319467554,0.9600399600399601,0.24727314907049575
0.8001665278934221,0.9600399600399601,0.24953512687822438
0.8008333333333333,0.9600399600399601,0.25204553366600263
0.8015012510425354,0.9600399600399601,0.2525561788886043
0.8021702838063439,0.9600399600399601,0.2548639755427448
0.8028404344193818,0.9600399600399601,0.254998347420979
0.8035117056856187,0.9600399600399601,0.25532181445578717
0.80418410041841,0.9600399600399601,0.2580518964532265
0.804857621440536,0.9600399600399601,0.25990616875610256
0.8055322715842415,0.9600399600399601,0.26045220442321326
0.8053691275167785,0.9590409590409591,0.26140737528770086
0.8060453400503779,0.9590409590409591,0.2622113230007949
0.8067226890756303,0.9590409590409591,0.2626404384042518
0.8065601345668629,0.958041958041958,0.26282242283517127
0.8063973063973064,0.957042957042957,0.2629398565348637
0.8070766638584668,0.957042957042957,0.26305195107021556
0.8077571669477235,0.957042957042957,0.26453944492863
0.8084388185654009,0.957042957042957,0.26553178718241344
0.8091216216216216,0.957042957042957,0.26560339517475096
0.8098055790363483,0.957042957042957,0.26577271424421245
0.8104906937394247,0.957042957042957,0.26622936830731037
0.8111769686706182,0.957042957042957,0.2667746963140275
0.811864406779661,0.957042957042957,0.26678304676881537
0.8125530110262935,0.957042957042957,0.2676141931028627
0.8132427843803056,0.957042957042957,0.2679525590041888
0.8139337298215803,0.957042957042957,0.2686942079255299
0.814625850340136,0.957042957042957,0.269519679959399
0.8153191489361702,0.957042957042957,0.26995403507059834
0.8151618398637138,0.9560439560439561,0.2723196152444477
0.8158567774936062,0.9560439560439561,0.2747457110647831
0.8165529010238908,0.9560439560439561,0.276233169963513
0.8172502134927413,0.9560439560439561,0.2764079038683928
0.8179487179487179,0.9560439560439561,0.27704794213211703
0.8186484174508126,0.9560439560439561,0.2773643163612607
0.8184931506849316,0.955044955044955,0.2775678771219912
0.818337617823479,0.954045954045954,0.27912800751831285
0.8190394511149228,0.954045954045954,0.28112515523504056
0.8197424892703863,0.954045954045954,0.2816467232592411
0.820446735395189,0.954045954045954,0.2824483951528652
0.820292347377472,0.9530469530469531,0.28395723057023775
0.8209982788296041,0.9530469530469531,0.2853176259125848
0.8208440999138673,0.952047952047952,0.28691569592343646
0.8206896551724138,0.951048951048951,0.2870893756663392
0.8213977566867989,0.951048951048951,0.2877586882083088
0.8221070811744386,0.951048951048951,0.28895289416544645
0.8228176318063959,0.951048951048951,0.2897454157367124
0.8235294117647058,0.951048951048951,0.29048614280736224
0.8242424242424242,0.951048951048951,0.29053894741480824
0.8240901213171578,0.9500499500499501,0.2920190979074646
0.8248048568950563,0.9500499500499501,0.2921410875301725
0.8246527777777778,0.949050949050949,0.2922477446674651
0.8245004344048653,0.948051948051948,0.29276355647384483
0.8252173913043478,0.948051948051948,0.29321474864970415
0.8259355961705831,0.948051948051948,0.2952075510695477
0.8266550522648084,0.948051948051948,0.29570391213558794
0.8273757628596339,0.948051948051948,0.29575297496865655
0.8280977312390925,0.948051948051948,0.2958627874252972
0.8288209606986899,0.948051948051948,0.29601129132404475
0.8295454545454546,0.948051948051948,0.29616027526850663
0.8302712160979877,0.948051948051948,0.29642730068507905
0.8309982486865148,0.948051948051948,0.2969011042202236
0.8308501314636284,0.9470529470529471,0.30101444366695757
0.8307017543859649,0.9460539460539461,0.3020729107986431
0.8314310798946444,0.9460539460539461,0.30606481754026965
0.8321616871704746,0.9460539460539461,0.30625928076386044
0.832014072119613,0.945054945054945,0.3073179649721079
0.8318661971830986,0.9440559440559441,0.3077668832678249
0.8317180616740089,0.9430569430569431,0.30782584349475106
0.8324514991181657,0.9430569430569431,0.30812931054590553
0.8331862312444837,0.9430569430569431,0.30823789209021735
0.833922261484099,0.9430569430569431,0.3121947660943917
0.8337754199823165,0.942057942057942,0.312337685248473
0.8345132743362832,0.942057942057942,0.3133299346533827
0.8352524357838795,0.942057942057942,0.314140400383144
0.8359929078014184,0.942057942057942,0.3141490809446376
0.8367346938775511,0.942057942057942,0.31474700437816
0.8374777975133215,0.942057942057942,0.3152556600825247
0.8373333333333334,0.9410589410589411,0.3160786429859776
0.8380782918149466,0.9410589410589411,0.31765258012927067
0.8388245770258237,0.9410589410589411,0.31812271178257856
0.839572192513369,0.9410589410589411,0.3193072755418214
0.840321141837645,0.9410589410589411,0.3212747406363672
0.8410714285714286,0.9410589410589411,0.3222776813163412
0.8418230563002681,0.9410589410589411,0.3231618522806723
0.8416815742397138,0.9400599400599401,0.3240388910439764
0.8424350940017905,0.9400599400599401,0.32497768205358496
0.8431899641577061,0.9400599400599401,0.3262889612838263
0.8439461883408071,0.9400599400599401,0.32767663774431127
0.8447037701974865,0.9400599400599401,0.3280703642131277
0.8454627133872417,0.9400599400599401,0.32813765676713824
0.8462230215827338,0.9400599400599401,0.3285483892680235
0.846984698469847,0.9400599400599401,0.3287262378016262
0.8477477477477477,0.9400599400599401,0.32898156967444286
0.848512173128945,0.9400599400599401,0.3296024920642119
0.8492779783393501,0.9400599400599401,0.3306277567838547
0.8500451671183379,0.9400599400599401,0.3314668771858407
0.8499095840867993,0.939060939060939,0.33184997131876864
0.8506787330316742,0.939060939060939,0.3324060858191859
0.8514492753623188,0.939060939060939,0.33281082021135533
0.8522212148685403,0.939060939060939,0.33290374337785156
0.852994555353902,0.939060939060939,0.3334379357298524
0.8528610354223434,0.938061938061938,0.3334685935331993
0.8536363636363636,0.938061938061938,0.3358179739939263
0.8544131028207461,0.938061938061938,0.3361375597501803
0.855191256830601,0.938061938061938,0.3370535520491893
0.8550592525068368,0.9370629370629371,0.3374733171437994
0.8558394160583942,0.9370629370629371,0.33847285786927084
0.85662100456621,0.9370629370629371,0.34156053592160796
0.8574040219378428,0.9370629370629371,0.3420069679291502
0.8581884720951509,0.9370629370629371,0.3427081554529837
0.8589743589743589,0.9370629370629371,0.34381219099003124
0.8597616865261228,0.9370629370629371,0.344258588870743
0.8605504587155963,0.9370629370629371,0.34498306999469897
0.8613406795224977,0.9370629370629371,0.34638965894644747
0.8621323529411765,0.9370629370629371,0.34647074313131015
0.8629254829806807,0.9370629370629371,0.3465834663213852
0.8627992633517495,0.936063936063936,0.3466254256409066
0.8635944700460829,0.936063936063936,0.34704950667955126
0.8643911439114391,0.936063936063936,0.34886144561387716
0.8651892890120036,0.936063936063936,0.3501581377881485
0.8650646950092421,0.935064935064935,0.3514440415010936
0.8649398704902868,0.9340659340659341,0.35156570575193713
0.8648148148148148,0.9330669330669331,0.3528104244395682
0.8646895273401297,0.932067932067932,0.35344297485990406
0.865491651205937,0.932067932067932,0.35632442773082973
0.8653667595171773,0.9310689310689311,0.3576356451960281
0.8661710037174721,0.9310689310689311,0.3583319517222372
0.8669767441860465,0.9310689310689311,0.3585778475454244
0.8677839851024208,0.9310689310689311,0.3593317676058503
0.8685927306616962,0.9310689310689311,0.3597127871517818
0.8684701492537313,0.9300699300699301,0.35982271064687293
0.869281045751634,0.9300699300699301,0.3598855262791334
0.8700934579439252,0.9300699300699301,0.3606877464921623
0.8709073900841908,0.9300699300699301,0.3613841588386342
0.8717228464419475,0.9300699300699301,0.3627931570070081
0.8716026241799437,0.929070929070929,0.3631384984549061
0.8714821763602252,0.9280719280719281,0.3662492905368637
0.8723004694835681,0.9280719280719281,0.3663229552889135
0.8721804511278195,0.9270729270729271,0.3681101048874626
0.8720602069614299,0.926073926073926,0.36935632094682985
0.8728813559322034,0.926073926073926,0.36938656094100875
0.8737040527803959,0.926073926073926,0.36951183169163254
0.8745283018867924,0.926073926073926,0.3705482082075489
0.8753541076487252,0.926073926073926,0.37184126491214176
0.8752362948960303,0.9250749250749251,0.3730667894405392
0.8751182592242195,0.9240759240759241,0.37357281912950707
0.8759469696969697,0.9240759240759241,0.37568693008575604
0.8767772511848341,0.9240759240759241,0.3784691939654254
0.8766603415559773,0.9230769230769231,0.3786136200710492
0.8765432098765432,0.922077922077922,0.37895509595113885
0.876425855513308,0.9210789210789211,0.37923750147887986
0.8772597526165556,0.9210789210789211,0.3811175877039256
0.878095238095238,0.9210789210789211,0.38206329091901986
0.8789323164918971,0.9210789210789211,0.38230280193523947
0.8797709923664122,0.9210789210789211,0.3862167676904087
0.8806112702960841,0.9210789210789211,0.38684756923501074
0.8814531548757171,0.9210789210789211,0.38745084514992867
0.8813397129186603,0.9200799200799201,0.38977413209793427
0.882183908045977,0.9200799200799201,0.39295853508843254
0.8830297219558965,0.9200799200799201,0.3932623151180418
0.8838771593090211,0.9200799200799201,0.39379187468052534
0.8837656099903939,0.919080919080919,0.3944621320286668
0.8846153846153846,0.919080919080919,0.3945774109465913
0.8845043310875842,0.9180819180819181,0.3948511332077372
0.8853564547206165,0.9180819180819181,0.3958737805980644
0.8862102217936355,0.9180819180819181,0.3961412874218841
0.8861003861003861,0.9170829170829171,0.39643161360396517
0.8869565217391304,0.9170829170829171,0.3981819025484397
0.8878143133462283,0.9170829170829171,0.3987709621932761
0.8877057115198451,0.916083916083916,0.39944278740205647
0.8885658914728682,0.916083916083916,0.3997592003800984
0.8894277400581959,0.916083916083916,0.4004383295481312
0.8893203883495145,0.9150849150849151,0.40083183997383726
0.8901846452866861,0.9150849150849151,0.4009979563812168
0.8900778210116731,0.9140859140859141,0.40272098164323544
0.8909444985394352,0.9140859140859141,0.4029275505029566
0.8908382066276803,0.913086913086913,0.4042389592386389
0.8907317073170732,0.9120879120879121,0.406418359494675
0.890625,0.9110889110889111,0.40737782610984363
0.8914956011730205,0.9110889110889111,0.4080828173659081
0.8913894324853229,0.9100899100899101,0.408690551505737
0.89128305582762,0.9090909090909091,0.4102086442191721
0.8921568627450981,0.9090909090909091,0.4106795667924544
0.8930323846908734,0.9090909090909091,0.41237380011861136
0.8929273084479371,0.9080919080919081,0.41606724538884976
0.8938053097345132,0.9080919080919081,0.4177279558837527
0.8946850393700787,0.9080919080919081,0.4190486279410278
0.8945812807881773,0.9070929070929071,0.42064705164474075
0.8954635108481263,0.9070929070929071,0.42227337489957634
0.8963474827245804,0.9070929070929071,0.4228828647055102
0.8972332015810277,0.9070929070929071,0.423562098067144
0.897131552917903,0.906093906093906,0.4263333360513191
0.898019801980198,0.906093906093906,0.42863973233088765
0.8979187314172448,0.9050949050949051,0.4295880431906967
0.8978174603174603,0.9040959040959041,0.4308333986471575
0.8987090367428004,0.9040959040959041,0.43094254869381166
0.8996023856858847,0.9040959040959041,0.4322503606924766
0.900497512437811,0.9040959040959041,0.43292023433219545
0.901394422310757,0.9040959040959041,0.43484936404671964
0.901296111665005,0.903096903096903,0.4353079988931222
0.9021956087824351,0.903096903096903,0.43977176137920865
0.903096903096903,0.903096903096903,0.44127930373077856
0.903,0.9020979020979021,0.44379158465207946
0.9039039039039038,0.9020979020979021,0.443817089357322
0.9048096192384769,0.9020979020979021,0.44631995009681064
0.905717151454363,0.9020979020979021,0.44663662104284013
0.9056224899598394,0.9010989010989011,0.4468377841035265
0.9065326633165829,0.9010989010989011,0.44699375345272474
0.9074446680080482,0.9010989010989011,0.44757650835030893
0.9073514602215509,0.9000999000999002,0.4486627054810479
0.907258064516129,0.8991008991008991,0.4490144190691198
0.9081735620585267,0.8991008991008991,0.45026788494789516
0.908080808080808,0.8981018981018981,0.45133829200469866
0.9079878665318504,0.8971028971028971,0.4524447205776985
0.9078947368421053,0.8961038961038961,0.4545499318068342
0.9088145896656535,0.8961038961038961,0.45540337327876873
0.9087221095334685,0.8951048951048951,0.4564936992848157
0.9096446700507614,0.8951048951048951,0.45855330088720697
0.9105691056910569,0.8951048951048951,0.4618050771709572
0.9104781281790437,0.8941058941058941,0.4625696207167041
0.9103869653767821,0.8931068931068931,0.46296226163276244
0.910295616717635,0.8921078921078921,0.46445356170339747
0.9112244897959184,0.8921078921078921,0.465778035685647
0.9121552604698672,0.8921078921078921,0.46583628236528146
0.9130879345603272,0.8921078921078921,0.4670440786207183
0.9129989764585466,0.8911088911088911,0.470446047643196
0.9129098360655737,0.8901098901098901,0.47253748742663687
0.9128205128205128,0.8891108891108891,0.47280507537130023
0.9127310061601642,0.8881118881118881,0.4733049815865621
0.9126413155190134,0.8871128871128872,0.47399779279130677
0.9125514403292181,0.8861138861138861,0.4741313260884502
0.9124613800205973,0.8851148851148851,0.4750722453649324
0.9134020618556701,0.8851148851148851,0.4753781788644289
0.913312693498452,0.8841158841158842,0.4754643489020386
0.9132231404958677,0.8831168831168831,0.4760211541943481
0.9131334022750776,0.8821178821178821,0.4763194401430121
0.9140786749482401,0.8821178821178821,0.4782310135052261
0.9150259067357513,0.8821178821178821,0.4782472612821723
0.9159751037344398,0.8821178821178821,0.4799728100741813
0.9169262720664589,0.8821178821178821,0.48074749224676655
0.9168399168399168,0.8811188811188811,0.4833269014038438
0.9167533818938606,0.8801198801198801,0.4837401404664022
0.9166666666666666,0.8791208791208791,0.484182229063592
0.9165797705943691,0.8781218781218781,0.48426257802398787
0.9164926931106472,0.8771228771228772,0.48542253348298464
0.9164054336468129,0.8761238761238761,0.4857581356920049
0.9163179916317992,0.8751248751248751,0.4858019621136568
0.9172774869109948,0.8751248751248751,0.4879022361222845
0.9171907756813418,0.8741258741258742,0.4895293250925513
0.9181532004197271,0.8741258741258742,0.49012843810099116
0.9191176470588235,0.8741258741258742,0.49260203038089245
0.9190325972660357,0.8731268731268731,0.49510240128133176
0.9189473684210526,0.8721278721278721,0.49514731106937027
0.9188619599578504,0.8711288711288712,0.49625949619544657
0.9187763713080169,0.8701298701298701,0.4971162275282884
0.9186906019007391,0.8691308691308691,0.4984041174640327
0.9186046511627907,0.8681318681318682,0.49854320312614775
0.9195767195767196,0.8681318681318682,0.502221677004442
0.9194915254237288,0.8671328671328671,0.5023760277001958
0.9194061505832449,0.8661338661338661,0.5031364779535861
0.9193205944798302,0.8651348651348651,0.5031682828489059
0.9192348565356004,0.8641358641358642,0.5041817902081893
0.9191489361702128,0.8631368631368631,0.5042920151270992
0.919062832800852,0.8621378621378621,0.5064376971202582
0.9189765458422174,0.8611388611388612,0.5069882419219081
0.9188900747065102,0.8601398601398601,0.5071462477422016
0.9188034188034188,0.8591408591408591,0.5094365991898103
0.9187165775401069,0.8581418581418582,0.5098278131300683
0.9197002141327623,0.8581418581418582,0.5101153614789719
0.9196141479099679,0.8571428571428571,0.5102065254502761
0.9206008583690987,0.8571428571428571,0.5103037712917001
0.920515574650913,0.8561438561438561,0.5105630714181565
0.9204301075268817,0.8551448551448552,0.510965338054006
0.9203444564047363,0.8541458541458542,0.5114088280667212
0.9202586206896551,0.8531468531468531,0.5127626864556575
0.9201725997842503,0.8521478521478522,0.513171541547714
0.9200863930885529,0.8511488511488512,0.5141138792066293
0.9210810810810811,0.8511488511488512,0.5163326327823992
0.920995670995671,0.8501498501498501,0.5174107341851738
0.9219934994582882,0.8501498501498501,0.5199248406916384
0.9219088937093276,0.8491508491508492,0.5208431573371141
0.9218241042345277,0.8481518481518482,0.5225015264960419
0.9217391304347826,0.8471528471528471,0.5234024634647959
0.9216539717083787,0.8461538461538461,0.5237381669142233
0.9215686274509803,0.8451548451548452,0.5238518279881091
0.9214830970556162,0.8441558441558441,0.5240350442164577
0.9224890829694323,0.8441558441558441,0.5244679493991135
0.9224043715846995,0.8431568431568431,0.5270286092106435
0.9234135667396062,0.8431568431568431,0.5276894641144374
0.9233296823658269,0.8421578421578422,0.5283753119889608
0.9232456140350878,0.8411588411588412,0.5296542420125292
0.9242590559824369,0.8411588411588412,0.5317004169829522
0.9252747252747253,0.8411588411588412,0.532529830656047
0.9251925192519251,0.8401598401598401,0.5326578839193743
0.9251101321585903,0.8391608391608392,0.5326892802217421
0.9250275633958104,0.8381618381618382,0.5346984430027157
0.9260485651214128,0.8381618381618382,0.5351253186570412
0.9270718232044199,0.8381618381618382,0.5354680174610622
0.9280973451327433,0.8381618381618382,0.5357250186175202
0.9280177187153932,0.8371628371628371,0.5358611902323491
0.9279379157427938,0.8361638361638362,0.5361307624643942
0.9278579356270811,0.8351648351648352,0.5362150902385556
0.9288888888888889,0.8351648351648352,0.538378577141361
0.92880978865406,0.8341658341658341,0.5387138124537626
0.9287305122494433,0.8331668331668332,0.5394217172810776
0.9286510590858417,0.8321678321678322,0.5398434225384942
0.9285714285714286,0.8311688311688312,0.5408646086111225
0.9284916201117318,0.8301698301698301,0.5421801539847938
0.9295302013422819,0.8301698301698301,0.5423985067236605
0.9305711086226204,0.8301698301698301,0.5460147160624313
0.9304932735426009,0.8291708291708292,0.5465737392132948
0.9304152637485971,0.8281718281718282,0.5466205367580498
0.9303370786516854,0.8271728271728271,0.5469359125608664
0.9302587176602924,0.8261738261738262,0.5477274118527503
0.9312288613303269,0.8251748251748252,0.5478290988506617
0.9311512415349887,0.8241758241758241,0.5482516508692457
0.9310734463276836,0.8231768231768232,0.549462122686817
0.9309954751131222,0.8221778221778222,0.5497119392439792
0.9309173272933182,0.8211788211788211,0.5498661837229663
0.9308390022675737,0.8201798201798202,0.5527941844639427
0.9307604994324631,0.8191808191808192,0.5529093784350665
0.9306818181818182,0.8181818181818182,0.5550452134855279
0.931740614334471,0.8181818181818182,0.5566354336195407
0.9316628701594533,0.8171828171828172,0.5567273777097951
0.9315849486887116,0.8161838161838162,0.5568719146397454
0.932648401826484,0.8161838161838162,0.5571075574507534
0.9325714285714286,0.8151848151848152,0.5576084610267744
0.9336384439359268,0.8151848151848152,0.5581340994602572
0.9335624284077892,0.8141858141858141,0.5590304146857387
0.9334862385321101,0.8131868131868132,0.5590952826603193
0.9345579793340988,0.8131868131868132,0.5606160461321127
0.9344827586206896,0.8121878121878122,0.5611395591827916
0.9344073647871116,0.8111888111888111,0.561249881520412
0.934331797235023,0.8101898101898102,0.5612687979359461
0.9342560553633218,0.8091908091908092,0.5645256076749138
0.9341801385681293,0.8081918081918081,0.564635301588203
0.9341040462427745,0.8071928071928072,0.5653539914161332
0.9340277777777778,0.8061938061938062,0.5654873874469705
0.9351100811123986,0.8061938061938062,0.5656697664191546
0.9350348027842227,0.8051948051948052,0.5660578522564509
0.9349593495934959,0.8041958041958042,0.5678178828116226
0.9348837209302325,0.8031968031968032,0.5684510796457426
0.9359720605355064,0.8031968031968032,0.5688415206306126
0.9358974358974359,0.8021978021978022,0.5692393276110986
0.9358226371061844,0.8011988011988012,0.5693064646855578
0.9357476635514018,0.8001998001998002,0.5726679332170279
0.935672514619883,0.7992007992007992,0.5727069702626445
0.9355971896955504,0.7982017982017982,0.5737035524187577
0.936694021101993,0.7982017982017982,0.573776637381105
0.9366197183098591,0.7972027972027972,0.5756659065216516
0.936545240893067,0.7962037962037962,0.5763327636385366
0.9364705882352942,0.7952047952047953,0.5773724348503253
0.9363957597173145,0.7942057942057942,0.5774668168062548
0.9375,0.7942057942057942,0.5777013100249777
0.9374262101534829,0.7932067932067932,0.5783051252770595
0.9373522458628841,0.7922077922077922,0.5803191992208759
0.9372781065088758,0.7912087912087912,0.5819184619975537
0.9372037914691943,0.7902097902097902,0.5822380150017434
0.9371293001186239,0.7892107892107892,0.5823292901696288
0.9370546318289786,0.7882117882117882,0.582365864958802
0.9369797859690844,0.7872127872127872,0.5830895335924781
0.9369047619047619,0.7862137862137862,0.583520744180648
0.9368295589988082,0.7852147852147852,0.5844998293819241
0.9379474940334129,0.7852147852147852,0.5846490049612549
0.937873357228196,0.7842157842157842,0.5849236666779197
0.937799043062201,0.7832167832167832,0.5856425231694693
0.9377245508982036,0.7822177822177823,0.5860172877561927
0.9376498800959233,0.7812187812187812,0.586125024609878
0.9375750300120048,0.7802197802197802,0.5868824996209544
0.9375,0.7792207792207793,0.5873855561940858
0.937424789410349,0.7782217782217782,0.5877767610349731
0.9373493975903614,0.7772227772227772,0.587846460987953
0.9384800965018094,0.7772227772227772,0.5882145875980461
0.9384057971014492,0.7762237762237763,0.5895977879020233
0.9383313180169287,0.7752247752247752,0.5898285422785196
0.9394673123486683,0.7752247752247752,0.5899112877931033
0.9393939393939394,0.7742257742257742,0.5906742847152512
0.9393203883495146,0.7732267732267732,0.5909280774044375
0.9392466585662211,0.7722277722277723,0.5910378833223847
0.9391727493917275,0.7712287712287712,0.5914033494086098
0.9390986601705238,0.7702297702297702,0.5915742418963673
0.9402439024390243,0.7702297702297702,0.591967767244339
0.9401709401709402,0.7692307692307693,0.5922152466192919
0.941320293398533,0.7692307692307693,0.5924275741638119
0.9412484700122399,0.7682317682317682,0.5950378909562999
0.9411764705882353,0.7672327672327672,0.5963483685253121
0.9411042944785276,0.7662337662337663,0.597228716160776
0.941031941031941,0.7652347652347652,0.5972945111340527
0.940959409594096,0.7642357642357642,0.5972968395768606
0.9421182266009852,0.7642357642357642,0.5974194016258246
0.9420468557336621,0.7632367632367633,0.5976000536992461
0.9419753086419753,0.7622377622377622,0.5992767559485641
0.943069306930693,0.7612387612387612,0.5994384134882117
0.942998760842627,0.7602397602397603,0.6002655124884904
0.9429280397022333,0.7592407592407593,0.6002849157505001
0.9428571428571428,0.7582417582417582,0.6003200166752938
0.9427860696517413,0.7572427572427572,0.6004810271974995
0.9427148194271482,0.7562437562437563,0.6007275296725922
0.942643391521197,0.7552447552447552,0.6011675130347776
0.9438202247191011,0.7552447552447552,0.6020964073989554
0.94375,0.7542457542457542,0.6023357115758414
0.9436795994993742,0.7532467532467533,0.6026744595594287
0.9448621553884712,0.7532467532467533,0.6040314532336758
0.944792973651192,0.7522477522477522,0.6045253262851427
0.9447236180904522,0.7512487512487512,0.6047764379022302
0.9446540880503145,0.7502497502497503,0.6057857510484213
0.9445843828715366,0.7492507492507493,0.6083014297347425
0.9445145018915511,0.7482517482517482,0.6089473483357001
0.9444444444444444,0.7472527472527473,0.6094488553955183
0.9443742098609356,0.7462537462537463,0.6106365639353067
0.9443037974683545,0.7452547452547452,0.610840348210803
0.944233206590621,0.7442557442557443,0.6113813530125538
0.9441624365482234,0.7432567432567433,0.612197430970388
0.9440914866581956,0.7422577422577422,0.6148486954619342
0.9440203562340967,0.7412587412587412,0.614953136429734
0.9439490445859873,0.7402597402597403,0.6150688430148108
0.9438775510204082,0.7392607392607392,0.61565555855244
0.9438058748403576,0.7382617382617382,0.6157020879380597
0.9437340153452686,0.7372627372627373,0.6178879231176003
0.9436619718309859,0.7362637362637363,0.6225359350704327
0.9435897435897436,0.7352647352647352,0.6229632671025813
0.9435173299101413,0.7342657342657343,0.6237265859739142
0.9434447300771208,0.7332667332667333,0.6248797884349099
0.9433719433719434,0.7322677322677322,0.6249495121201767
0.9432989690721649,0.7312687312687313,0.6260683332370013
0.944516129032258,0.7312687312687313,0.6260971052202444
0.9444444444444444,0.7302697302697303,0.6268495680949678
0.944372574385511,0.7292707292707292,0.627994446068738
0.9455958549222798,0.7292707292707292,0.6286450415962277
0.9455252918287937,0.7282717282717283,0.6287358435675415
0.9454545454545454,0.7272727272727273,0.6292095742934979
0.9453836150845254,0.7262737262737263,0.6300878430281885
0.9453125,0.7252747252747253,0.6301477116278008
0.9452411994784876,0.7242757242757243,0.6306663275921824
0.9451697127937336,0.7232767232767233,0.631121233592935
0.9450980392156862,0.7222777222777222,0.631282463274835
0.9450261780104712,0.7212787212787213,0.6318183449989571
0.944954128440367,0.7202797202797203,0.6319189262939449
0.9448818897637795,0.7192807192807192,0.6320026205276339
0.9448094612352168,0.7182817182817183,0.6320519698828881
0.9447368421052632,0.7172827172827173,0.6329025687680738
0.9459815546772069,0.7172827172827173,0.6329955945431542
0.945910290237467,0.7162837162837162,0.6331820389714462
0.9458388375165125,0.7152847152847153,0.6354870015176016
0.9457671957671958,0.7142857142857143,0.6362500092271538
0.9456953642384106,0.7132867132867133,0.6368608674005612
0.9456233421750663,0.7122877122877123,0.6390409115806188
0.9455511288180611,0.7112887112887113,0.6392429605599026
0.9454787234042553,0.7102897102897103,0.6401223872218615
0.9454061251664447,0.7092907092907093,0.6401921471274592
0.9453333333333334,0.7082917082917083,0.6414889642714225
0.945260347129506,0.7072927072927073,0.6430415440792048
0.9451871657754011,0.7062937062937062,0.6431751269186652
0.9451137884872824,0.7052947052947053,0.6437120312918138
0.9450402144772118,0.7042957042957043,0.6439380652283007
0.9449664429530201,0.7032967032967034,0.6443104376932858
0.9448924731182796,0.7022977022977023,0.6454629837976901
0.9448183041722745,0.7012987012987013,0.6465225835707084
0.944743935309973,0.7002997002997003,0.6471954342974091
0.9446693657219973,0.6993006993006993,0.6483274697077107
0.9445945945945946,0.6983016983016983,0.6488893214060221
0.9445196211096076,0.6973026973026973,0.6489003654900095
0.9444444444444444,0.6963036963036963,0.6491075683403404
0.9443690637720489,0.6953046953046953,0.649275074425336
0.9442934782608695,0.6943056943056943,0.6499184239643501
0.9442176870748299,0.6933066933066933,0.6501243854790968
0.944141689373297,0.6923076923076923,0.650632441521538
0.9440654843110505,0.6913086913086913,0.6510621728915399
0.9439890710382514,0.6903096903096904,0.6511389116979941
0.9439124487004104,0.6893106893106893,0.6513504631452962
0.9438356164383561,0.6883116883116883,0.6518234434114012
0.943758573388203,0.6873126873126874,0.6522415442401155
0.9436813186813187,0.6863136863136863,0.6522706033197051
0.9436038514442916,0.6853146853146853,0.6525881122994491
0.9435261707988981,0.6843156843156843,0.652609692521741
0.9448275862068966,0.6843156843156843,0.6527651813927353
0.9461325966850829,0.6843156843156843,0.6531289258651561
0.946058091286307,0.6833166833166833,0.653157541540912
0.945983379501385,0.6823176823176823,0.655304238038295
0.9459084604715673,0.6813186813186813,0.6562962383581885
0.9458333333333333,0.6803196803196803,0.6582648476209144
0.9457579972183588,0.6793206793206793,0.659003955513429
0.9456824512534819,0.6783216783216783,0.6596481523221008
0.9470013947001394,0.6783216783216783,0.6601700279953828
0.9483240223463687,0.6783216783216783,0.6603447632622439
0.9496503496503497,0.6783216783216783,0.6610136063854816
0.9495798319327731,0.6773226773226774,0.6621691793595287
0.9495091164095372,0.6763236763236763,0.6644301431261396
0.949438202247191,0.6753246753246753,0.6644526050039924
0.9493670886075949,0.6743256743256744,0.6647944616691637
0.9492957746478873,0.6733266733266733,0.6649493288720965
0.9492242595204513,0.6723276723276723,0.6650013459444053
0.9491525423728814,0.6713286713286714,0.6662107802803426
0.9504950495049505,0.6713286713286714,0.6665454309868112
0.9504249291784702,0.6703296703296703,0.6674418414097634
0.950354609929078,0.6693306693306693,0.6685868380269301
0.9502840909090909,0.6683316683316683,0.6693555229222037
0.9502133712660028,0.6673326673326674,0.6697673919637485
0.9501424501424501,0.6663336663336663,0.6702982949154727
0.9500713266761769,0.6653346653346653,0.6713065786002844
0.9514285714285714,0.6653346653346653,0.6723105615382992
0.9513590844062947,0.6643356643356644,0.673186490840112
0.9512893982808023,0.6633366633366633,0.6731918091362172
0.9512195121951219,0.6623376623376623,0.6734608276225011
0.9511494252873564,0.6613386613386614,0.6739252683629908
0.9510791366906475,0.6603396603396603,0.6743343250890705
0.9510086455331412,0.6593406593406593,0.6777275197601607
0.950937950937951,0.6583416583416584,0.6784464916073626
0.9508670520231214,0.6573426573426573,0.6807988328422622
0.9507959479015919,0.6563436563436563,0.6816953306370077
0.9507246376811594,0.6553446553446554,0.6817903861582156
0.9506531204644412,0.6543456543456544,0.68256930724345
0.9505813953488372,0.6533466533466533,0.6834309379686541
0.950509461426492,0.6523476523476524,0.6841212596020774
0.9518950437317785,0.6523476523476524,0.6858255187918418
0.9518248175182482,0.6513486513486514,0.6859006001743819
0.9532163742690059,0.6513486513486514,0.6868317754254314
0.9546120058565154,0.6513486513486514,0.6881812665658116
0.9545454545454546,0.6503496503496503,0.6892590511844344
0.9544787077826725,0.6493506493506493,0.6909467790213912
0.9544117647058824,0.6483516483516484,0.6934741921441299
0.9543446244477173,0.6473526473526473,0.6952338272388092
0.9542772861356932,0.6463536463536463,0.6962866383557564
0.9542097488921714,0.6453546453546454,0.6995337565288041
0.9541420118343196,0.6443556443556444,0.7004767444263422
0.9540740740740741,0.6433566433566433,0.7005494042878296
0.9540059347181009,0.6423576423576424,0.7006322529782487
0.9539375928677564,0.6413586413586414,0.7021458179971365
0.9538690476190477,0.6403596403596403,0.7025585417026313
0.9538002980625931,0.6393606393606394,0.7047225363411014
0.9537313432835821,0.6383616383616384,0.7048435419281154
0.9551569506726457,0.6383616383616384,0.7048620715506865
0.9550898203592815,0.6373626373626373,0.7055010684947296
0.9550224887556222,0.6363636363636364,0.7066758079522355
0.954954954954955,0.6353646353646354,0.7069858745239495
0.9548872180451128,0.6343656343656343,0.7073741587733317
0.9548192771084337,0.6333666333666333,0.707739969716891
0.9547511312217195,0.6323676323676324,0.7079237504820673
0.9546827794561934,0.6313686313686314,0.7102308212060368
0.9546142208774584,0.6303696303696303,0.7104577727720197
0.9545454545454546,0.6293706293706294,0.7121548929825341
0.9544764795144158,0.6283716283716284,0.7130828165804082
0.9559270516717325,0.6283716283716284,0.7137672552483987
0.9573820395738204,0.6283716283716284,0.7138082948596991
0.9573170731707317,0.6273726273726273,0.7148329388125586
0.9572519083969465,0.6263736263736264,0.7149343627950023
0.9571865443425076,0.6253746253746254,0.7160083843150089
0.9571209800918836,0.6243756243756243,0.7163540091226378
0.9570552147239264,0.6233766233766234,0.7174590527769081
0.956989247311828,0.6223776223776224,0.7185678413894621
0.9569230769230769,0.6213786213786214,0.7196260274419467
0.9568567026194145,0.6203796203796204,0.7203725291783162
0.9567901234567902,0.6193806193806194,0.7205158106965242
0.9567233384853169,0.6183816183816184,0.72195722050462
0.9566563467492261,0.6173826173826173,0.7220804664132838
0.9565891472868217,0.6163836163836164,0.7221840700465849
0.9565217391304348,0.6153846153846154,0.72266372144055
0.9564541213063764,0.6143856143856143,0.7227965533082533
0.956386292834891,0.6133866133866134,0.7240369583860323
0.9578783151326054,0.6133866133866134,0.7249628517587255
0.9578125,0.6123876123876124,0.7250553403398188
0.9577464788732394,0.6113886113886113,0.7266903020895472
0.957680250783699,0.6103896103896104,0.7282319127225444
0.957613814756672,0.6093906093906094,0.7290003336788279
0.9575471698113207,0.6083916083916084,0.7291807165069205
0.9574803149606299,0.6073926073926074,0.7300974810821087
0.9574132492113565,0.6063936063936064,0.7306516205132797
0.957345971563981,0.6053946053946054,0.7319697005315677
0.9572784810126582,0.6043956043956044,0.7325829245646719
0.9572107765451664,0.6033966033966034,0.7330381372690614
0.9571428571428572,0.6023976023976024,0.7335177908465522
0.9570747217806042,0.6013986013986014,0.733963184748336
0.9570063694267515,0.6003996003996004,0.7340375474597922
0.9569377990430622,0.5994005994005994,0.7341339842580995
0.9568690095846646,0.5984015984015985,0.7341452543446232
0.9568,0.5974025974025974,0.735892277235072
0.9567307692307693,0.5964035964035964,0.7361247243092766
0.956661316211878,0.5954045954045954,0.7377714460194792
0.9565916398713826,0.5944055944055944,0.7380678647279146
0.9565217391304348,0.5934065934065934,0.7389539732244502
0.9564516129032258,0.5924075924075924,0.7396648915077574
0.9563812600969306,0.5914085914085914,0.7397165669969451
0.9563106796116505,0.5904095904095904,0.7397913729972813
0.9578606158833063,0.5904095904095904,0.7408032509638508
0.9577922077922078,0.5894105894105894,0.7410728573837877
0.9577235772357724,0.5884115884115884,0.7421541717231025
0.9592833876221498,0.5884115884115884,0.7428324793640316
0.9592169657422512,0.5874125874125874,0.743331976720405
0.9591503267973857,0.5864135864135864,0.7435292853912262
0.9590834697217676,0.5854145854145855,0.7436339801304024
0.9590163934426229,0.5844155844155844,0.7437529031395165
0.9589490968801314,0.5834165834165834,0.7437781604996391
0.9605263157894737,0.5834165834165834,0.7438552639013006
0.9604612850082372,0.5824175824175825,0.7440644466623506
0.9603960396039604,0.5814185814185814,0.7449787244607191
0.9603305785123967,0.5804195804195804,0.7455498886073448
0.9602649006622517,0.5794205794205795,0.745884098481603
0.9601990049751243,0.5784215784215784,0.7468198340098594
0.9601328903654485,0.5774225774225774,0.7474178379579667
0.9600665557404326,0.5764235764235764,0.7488997627968378
0.96,0.5754245754245755,0.7495360886151197
0.9599332220367279,0.5744255744255744,0.7503031354880405
0.959866220735786,0.5734265734265734,0.750392234343922
0.9597989949748744,0.5724275724275725,0.7512573499358041
0.959731543624161,0.5714285714285714,0.7520013761367373
0.9596638655462185,0.5704295704295704,0.7534337259549089
0.9612794612794613,0.5704295704295704,0.7536660466353687
0.9612141652613828,0.5694305694305695,0.7540935610639874
0.9611486486486487,0.5684315684315684,0.7542673984376849
0.961082910321489,0.5674325674325674,0.7549966602337455
0.9610169491525423,0.5664335664335665,0.755183576414045
0.9609507640067911,0.5654345654345654,0.7556768082116633
0.9608843537414966,0.5644355644355644,0.7563429912378108
0.9608177172061328,0.5634365634365635,0.756620741726628
0.9607508532423208,0.5624375624375625,0.7574970654532351
0.9606837606837607,0.5614385614385614,0.7580328378889623
0.9606164383561644,0.5604395604395604,0.7595087715626379
0.9605488850771869,0.5594405594405595,0.7596841699894877
0.9604810996563574,0.5584415584415584,0.7599734766779477
0.9604130808950087,0.5574425574425574,0.7607842992389553
0.9603448275862069,0.5564435564435565,0.7608203405996751
0.9602763385146805,0.5554445554445554,0.761310321710861
0.9602076124567474,0.5544455544455544,0.7617841973200502
0.9601386481802426,0.5534465534465535,0.7622527781252424
0.9618055555555556,0.5534465534465535,0.7622997190429194
0.9617391304347827,0.5524475524475524,0.7638691584241941
0.9616724738675958,0.5514485514485514,0.7651100435478644
0.9616055846422339,0.5504495504495505,0.7659127848812537
0.9632867132867133,0.5504495504495505,0.7662138774684537
0.9632224168126094,0.5494505494505495,0.7670924526676296
0.9631578947368421,0.5484515484515484,0.7675326170525101
0.9630931458699473,0.5474525474525475,0.7678070215372454
0.9630281690140845,0.5464535464535465,0.7678600313491237
0.9629629629629629,0.5454545454545454,0.7682414043591301
0.9628975265017667,0.5444555444555444,0.7699761622605347
0.9628318584070796,0.5434565434565435,0.7701508746377045
0.9627659574468085,0.5424575424575424,0.7701961839995103
0.9626998223801065,0.5414585414585414,0.7720877910677325
0.9626334519572953,0.5404595404595405,0.7721102674604998
0.964349376114082,0.5404595404595405,0.7724129995572531
0.9642857142857143,0.5394605394605395,0.7731954314635527
0.964221824686941,0.5384615384615384,0.7739616111913811
0.96415770609319,0.5374625374625375,0.7744209918468483
0.9640933572710951,0.5364635364635365,0.7753422229303127
0.9640287769784173,0.5354645354645354,0.7772468277670759
0.963963963963964,0.5344655344655345,0.7778325103514491
0.9638989169675091,0.5334665334665335,0.7784875074644797
0.9638336347197106,0.5324675324675324,0.7789609777856875
0.9637681159420289,0.5314685314685315,0.7794762501654217
0.9637023593466425,0.5304695304695305,0.7796940625429148
0.9636363636363636,0.5294705294705294,0.7800199924733939
0.9653916211293261,0.5294705294705294,0.781009062851357
0.9653284671532847,0.5284715284715285,0.7811208582546263
0.9652650822669104,0.5274725274725275,0.7812911040141848
0.9652014652014652,0.5264735264735265,0.7813076848052943
0.9651376146788991,0.5254745254745254,0.7815878748683485
0.9650735294117647,0.5244755244755245,0.7821841948570813
0.9650092081031307,0.5234765234765235,0.7825585580605713
0.9649446494464945,0.5224775224775224,0.783651123226981
0.9648798521256932,0.5214785214785215,0.7838479224844175
0.9648148148148148,0.5204795204795205,0.7840686914345726
0.9647495361781077,0.5194805194805194,0.7845583816700465
0.9646840148698885,0.5184815184815185,0.7862443927011988
0.9646182495344506,0.5174825174825175,0.7864494498655659
0.9645522388059702,0.5164835164835165,0.7866595780428665
0.9644859813084112,0.5154845154845155,0.7873787378629725
0.9644194756554307,0.5144855144855145,0.7874390485401636
0.9643527204502814,0.5134865134865135,0.7888362267814131
0.9642857142857143,0.5124875124875125,0.7895855054776254
0.9661016949152542,0.5124875124875125,0.789679809596225
0.9660377358490566,0.5114885114885115,0.789775926805435
0.9659735349716446,0.5104895104895105,0.7906001166901201
0.9659090909090909,0.5094905094905094,0.7915539749923463
0.9658444022770398,0.5084915084915085,0.792661475404506
0.9657794676806084,0.5074925074925075,0.7929818899864507
0.9657142857142857,0.5064935064935064,0.793254496833827
0.9656488549618321,0.5054945054945055,0.7941208423331428
0.9655831739961759,0.5044955044955045,0.795947986540468
0.9655172413793104,0.5034965034965035,0.7960799138263158
0.9673704414587332,0.5034965034965035,0.7964953517065315
0.9673076923076923,0.5024975024975025,0.7968102100371922
0.9672447013487476,0.5014985014985015,0.7969086758566346
0.9671814671814671,0.5004995004995005,0.7969301929703775
0.9671179883945842,0.4995004995004995,0.7973398793420476
0.9670542635658915,0.4985014985014985,0.7976892288036407
0.9669902912621359,0.4975024975024975,0.797960746204221
0.9669260700389105,0.4965034965034965,0.7984785569394767
0.9668615984405458,0.4955044955044955,0.7985124954711167
0.966796875,0.4945054945054945,0.7985596903769353
0.9667318982387475,0.4935064935064935,0.7986907471160422
0.9666666666666667,0.4925074925074925,0.7993721810428952
0.9666011787819253,0.4915084915084915,0.8004163793376186
0.9665354330708661,0.4905094905094905,0.8010156830741681
0.9664694280078896,0.48951048951048953,0.8010665301672774
0.9664031620553359,0.4885114885114885,0.8022723600860991
0.9663366336633663,0.4875124875124875,0.8040128928319351
0.9662698412698413,0.4865134865134865,0.8042558802020234
0.9662027833001988,0.4855144855144855,0.8043825984922925
0.9661354581673307,0.48451548451548454,0.8051861246014119
0.9660678642714571,0.4835164835164835,0.8065717458270671
0.966,0.4825174825174825,0.8067607433951056
0.9659318637274549,0.48151848151848153,0.8070883703419993
0.9658634538152611,0.4805194805194805,0.8077743753752444
0.96579476861167,0.47952047952047955,0.8078404023688388
0.9657258064516129,0.4785214785214785,0.8088754682279538
0.9656565656565657,0.4775224775224775,0.809457210241212
0.9655870445344129,0.47652347652347654,0.8096125572884271
0.9655172413793104,0.4755244755244755,0.8107531990398082
0.9654471544715447,0.4745254745254745,0.8143856719753628
0.9653767820773931,0.47352647352647353,0.8145147458880249
0.9653061224489796,0.4725274725274725,0.8149492703328282
0.9652351738241309,0.47152847152847155,0.8149697000695308
0.9651639344262295,0.47052947052947053,0.8156531611707414
0.9650924024640657,0.4695304695304695,0.8167057798087781
0.9650205761316872,0.46853146853146854,0.8170988254543212
0.9649484536082474,0.4675324675324675,0.8171227115203056
0.9648760330578512,0.46653346653346656,0.819254358554016
0.9648033126293996,0.46553446553446554,0.8215592335502372
0.9647302904564315,0.4645354645354645,0.822272123370428
0.9646569646569647,0.46353646353646355,0.8224659572836467
0.9645833333333333,0.46253746253746253,0.823380146179508
0.964509394572025,0.46153846153846156,0.8237552881027675
0.9644351464435147,0.46053946053946054,0.825154178762423
0.9643605870020965,0.4595404595404595,0.8251775614882887
0.9642857142857143,0.45854145854145856,0.8254417258572148
0.9642105263157895,0.45754245754245754,0.8262290815414205
0.9641350210970464,0.4565434565434565,0.8264477920831534
0.9640591966173362,0.45554445554445555,0.8274620720474933
0.9639830508474576,0.45454545454545453,0.8279190128336587
0.9639065817409767,0.45354645354645357,0.8301186215956015
0.9638297872340426,0.45254745254745254,0.8309804109487517
0.9637526652452025,0.4515484515484515,0.8310395846109129
0.9636752136752137,0.45054945054945056,0.8317755961412965
0.9635974304068522,0.44955044955044954,0.8319666969581928
0.9635193133047211,0.4485514485514486,0.8331301801689667
0.9634408602150538,0.44755244755244755,0.833984173547779
0.9633620689655172,0.44655344655344653,0.8347397211564032
0.9632829373650108,0.44555444555444557,0.8348857362316517
0.9632034632034632,0.44455544455544455,0.8354548779564104
0.9631236442516269,0.4435564435564436,0.8355594818675788
0.9630434782608696,0.44255744255744256,0.8362798518644101
0.9629629629629629,0.44155844155844154,0.8365033073927016
0.962882096069869,0.4405594405594406,0.838957984310526
0.962800875273523,0.43956043956043955,0.8389732754978049
0.9627192982456141,0.4385614385614386,0.8390915640888104
0.9648351648351648,0.4385614385614386,0.8397319506516165
0.9647577092511013,0.43756243756243757,0.8412192424795925
0.9646799116997793,0.43656343656343655,0.8414112144363569
0.9646017699115044,0.4355644355644356,0.8414699422003684
0.9645232815964523,0.43456543456543456,0.8419771111445106
0.9644444444444444,0.43356643356643354,0.8423014074487859
0.9643652561247216,0.4325674325674326,0.8429579590432608
0.9642857142857143,0.43156843156843155,0.8429980430665934
0.9642058165548099,0.4305694305694306,0.843372299852753
0.9641255605381166,0.42957042957042957,0.8436337545658822
0.9640449438202248,0.42857142857142855,0.8436541374309952
0.963963963963964,0.4275724275724276,0.8443404171160191
0.963882618510158,0.42657342657342656,0.8449653767547203
0.9638009049773756,0.4255744255744256,0.8451693084726404
0.963718820861678,0.4245754245754246,0.8452765203328493
0.9636363636363636,0.42357642357642356,0.8453127927968893
0.9658314350797267,0.42357642357642356,0.8460475838401474
0.9657534246575342,0.4225774225774226,0.8470485125067986
0.965675057208238,0.42157842157842157,0.8470542472076482
0.9655963302752294,0.4205794205794206,0.8471755555105914
0.9655172413793104,0.4195804195804196,0.8472512152788538
0.9654377880184332,0.41858141858141856,0.847537885257365
0.9653579676674365,0.4175824175824176,0.8480313274625021
0.9652777777777778,0.4165834165834166,0.8494192393135737
0.9651972157772621,0.4155844155844156,0.8495380053830308
0.9651162790697675,0.4145854145854146,0.85074286912646
0.965034965034965,0.41358641358641357,0.8520391502524959
0.9649532710280374,0.4125874125874126,0.8522739822650599
0.9648711943793911,0.4115884115884116,0.8523794042708658
0.9647887323943662,0.41058941058941056,0.8541858048987211
0.9647058823529412,0.4095904095904096,0.855004030291413
0.964622641509434,0.4085914085914086,0.8555208887347148
0.9645390070921985,0.4075924075924076,0.8563348196713242
0.9644549763033176,0.4065934065934066,0.8565570029697129
0.9643705463182898,0.40559440559440557,0.8566512867177939
0.9642857142857143,0.4045954045954046,0.8571197467929741
0.964200477326969,0.4035964035964036,0.8575955651982093
0.9641148325358851,0.4025974025974026,0.8576754942997983
0.9640287769784173,0.4015984015984016,0.8579734470324905
0.9639423076923077,0.4005994005994006,0.8584159959142471
0.963855421686747,0.3996003996003996,0.858450539347271
0.9637681159420289,0.3986013986013986,0.8588283854008345
0.9636803874092009,0.39760239760239763,0.8588692910900421
0.9635922330097088,0.3966033966033966,0.860286215921471
0.9635036496350365,0.3956043956043956,0.8603305878305473
0.9634146341463414,0.3946053946053946,0.8603662067304999
0.9633251833740831,0.3936063936063936,0.8610474344842195
0.9632352941176471,0.3926073926073926,0.861425422813705
0.9631449631449631,0.3916083916083916,0.8622140840251395
0.9630541871921182,0.3906093906093906,0.8623579563145302
0.9629629629629629,0.38961038961038963,0.862745545206584
0.9628712871287128,0.3886113886113886,0.8634266841306346
0.9627791563275434,0.3876123876123876,0.8648066896066671
0.9626865671641791,0.3866133866133866,0.8664062186231928
0.9625935162094763,0.3856143856143856,0.8664392769120339
0.9625,0.38461538461538464,0.8672984087594194
0.9624060150375939,0.3836163836163836,0.8673540576434041
0.9623115577889447,0.3826173826173826,0.8679023302959311
0.9622166246851386,0.38161838161838163,0.867958885025454
0.9621212121212122,0.3806193806193806,0.8683239359667397
0.9620253164556962,0.37962037962037964,0.8690839561501575
0.9619289340101523,0.3786213786213786,0.8692522733771789
0.9618320610687023,0.3776223776223776,0.8696838809042909
0.9617346938775511,0.37662337662337664,0.8702097532513389
0.9616368286445013,0.3756243756243756,0.87142589268125
0.9615384615384616,0.37462537462537465,0.8716003065938358
0.961439588688946,0.37362637362637363,0.8718829833213836
0.961340206185567,0.3726273726273726,0.8726551582270144
0.9612403100775194,0.37162837162837165,0.8731693676591399
0.961139896373057,0.3706293706293706,0.8735920386186298
0.961038961038961,0.3696303696303696,0.8737832680799071
0.9609375,0.36863136863136864,0.8750485821367946
0.9608355091383812,0.3676323676323676,0.8752649249041875
0.9607329842931938,0.36663336663336665,0.8756843400024537
0.9606299212598425,0.36563436563436563,0.8757461483856172
0.9605263157894737,0.3646353646353646,0.8763206296049554
0.9604221635883905,0.36363636363636365,0.8763890455718468
0.9603174603174603,0.3626373626373626,0.8765874286487358
0.9602122015915119,0.36163836163836166,0.8771760850106783
0.9601063829787234,0.36063936063936064,0.8775504793826805
0.96,0.3596403596403596,0.8778437610892138
0.9598930481283422,0.35864135864135865,0.8779864321472755
0.9597855227882037,0.35764235764235763,0.878620933944013
0.9596774193548387,0.35664335664335667,0.8789794189223339
0.9595687331536388,0.35564435564435565,0.8798366169087565
0.9594594594594594,0.3546453546453546,0.8798888806987454
0.959349593495935,0.35364635364635366,0.8801064337206151
0.9592391304347826,0.35264735264735264,0.8805654925762556
0.9591280653950953,0.3516483516483517,0.8806000965179964
0.9590163934426229,0.35064935064935066,0.8807949040043513
0.958904109589041,0.34965034965034963,0.8808875923365064
0.9587912087912088,0.34865134865134867,0.8809276213772024
0.9586776859504132,0.34765234765234765,0.8811706172775504
0.9585635359116023,0.34665334665334663,0.8822862363158726
0.9584487534626038,0.34565434565434566,0.8823282176754581
0.9583333333333334,0.34465534465534464,0.8826132675880213
0.958217270194986,0.3436563436563437,0.883380314528217
0.9581005586592178,0.34265734265734266,0.8834665663820869
0.9607843137254902,0.34265734265734266,0.8835752943441024
0.9606741573033708,0.34165834165834164,0.8844349854082063
0.9605633802816902,0.34065934065934067,0.8846784681245681
0.96045197740113,0.33966033966033965,0.8857033527113022
0.9603399433427762,0.3386613386613387,0.8868374632655113
0.9602272727272727,0.33766233766233766,0.8869662719475784
0.9601139601139601,0.33666333666333664,0.8869662858833799
0.96,0.3356643356643357,0.8873610226586451
0.9598853868194842,0.33466533466533466,0.8879023090519995
0.9597701149425287,0.3336663336663337,0.8888813154596801
0.9596541786743515,0.33266733266733267,0.8903261717811726
0.9595375722543352,0.33166833166833165,0.8903480461495552
0.9594202898550724,0.3306693306693307,0.8906841081638514
0.9593023255813954,0.32967032967032966,0.8916274529257203
0.9591836734693877,0.32867132867132864,0.8919564402687611
0.9590643274853801,0.3276723276723277,0.8925706261311551
0.9589442815249267,0.32667332667332666,0.8926464833264213
0.9588235294117647,0.3256743256743257,0.8927040006975898
0.9587020648967551,0.3246753246753247,0.8929969705197025
0.9615384615384616,0.3246753246753247,0.8932326482190738
0.9614243323442137,0.32367632367632365,0.8934726077174417
0.9613095238095238,0.3226773226773227,0.8935129306659202
0.9611940298507463,0.32167832167832167,0.8942416812743522
0.9610778443113772,0.3206793206793207,0.8957554445833072
0.960960960960961,0.3196803196803197,0.8958640664829802
0.9608433734939759,0.31868131868131866,0.8962699352048135
0.9607250755287009,0.3176823176823177,0.8970572071881746
0.9606060606060606,0.3166833166833167,0.8977699222028427
0.9604863221884499,0.3156843156843157,0.8982393787337791
0.9603658536585366,0.3146853146853147,0.8983153384605098
0.9602446483180428,0.31368631368631367,0.8992135798203469
0.9601226993865031,0.3126873126873127,0.8993885892995853
0.96,0.3116883116883117,0.8995029755637902
0.9598765432098766,0.3106893106893107,0.8998719560655412
0.9597523219814241,0.3096903096903097,0.9005666041305261
0.9596273291925466,0.3086913086913087,0.9007706457224011
0.9595015576323987,0.3076923076923077,0.9008877582319198
0.959375,0.3066933066933067,0.9012043571382254
0.9592476489028213,0.30569430569430567,0.9012223441837103
0.9591194968553459,0.3046953046953047,0.9013760727452134
0.9589905362776026,0.3036963036963037,0.9020338433685494
0.9588607594936709,0.3026973026973027,0.9021660291122016
0.9587301587301588,0.3016983016983017,0.903366176816466
0.9585987261146497,0.3006993006993007,0.9033670636999787
0.9584664536741214,0.2997002997002997,0.9039437987680549
0.9583333333333334,0.2987012987012987,0.9049818724006051
0.9581993569131833,0.2977022977022977,0.9051180615231575
0.9580645161290322,0.2967032967032967,0.9055112236540805
0.9579288025889967,0.2957042957042957,0.9055929311106402
0.9577922077922078,0.2947052947052947,0.9056352514414909
0.9576547231270358,0.2937062937062937,0.9061273751302883
0.9575163398692811,0.29270729270729273,0.9072676186810442
0.9573770491803278,0.2917082917082917,0.907432371910277
0.9572368421052632,0.2907092907092907,0.9082390024354824
0.9570957095709571,0.2897102897102897,0.908282790239479
0.956953642384106,0.2887112887112887,0.9083961985663233
0.9568106312292359,0.28771228771228774,0.9093064547860846
0.9566666666666667,0.2867132867132867,0.910034295921692
0.9565217391304348,0.2857142857142857,0.9114732215116796
0.9563758389261745,0.28471528471528473,0.9121515585184101
0.9562289562289562,0.2837162837162837,0.9122107670341304
0.956081081081081,0.2827172827172827,0.913548077642923
0.9559322033898305,0.2817182817182817,0.9135695548023787
0.95578231292517,0.2807192807192807,0.9136464526665623
0.9556313993174061,0.27972027972027974,0.9141517085314241
0.9554794520547946,0.2787212787212787,0.9148807210545079
0.9553264604810997,0.2777222777222777,0.914929819465613
0.9551724137931035,0.27672327672327673,0.9152489895526212
0.9550173010380623,0.2757242757242757,0.9154600327947464
0.9548611111111112,0.27472527472527475,0.915529419965917
0.9547038327526133,0.27372627372627373,0.9155323703157788
0.9545454545454546,0.2727272727272727,0.9156687090711232
0.9543859649122807,0.27172827172827174,0.9170863910043067
0.954225352112676,0.2707292707292707,0.9176392937542042
0.9540636042402827,0.26973026973026976,0.9181237363182467
0.9539007092198581,0.26873126873126874,0.9182121359613421
0.9537366548042705,0.2677322677322677,0.9184284651761139
0.9535714285714286,0.26673326673326675,0.9191058930683913
0.953405017921147,0.26573426573426573,0.9194015783384242
0.9532374100719424,0.2647352647352647,0.9194847769713613
0.9530685920577617,0.26373626373626374,0.9202109739119758
0.9528985507246377,0.2627372627372627,0.9202361706448876
0.9527272727272728,0.26173826173826176,0.9208171692875529
0.9525547445255474,0.26073926073926074,0.9214682392848738
0.9523809523809523,0.2597402597402597,0.9214950733538323
0.9522058823529411,0.25874125874125875,0.921942479780874
0.9520295202952029,0.25774225774225773,0.9220581352263985
0.9518518518518518,0.25674325674325676,0.9228727594185022
0.9516728624535316,0.25574425574425574,0.9231426927584365
0.9552238805970149,0.25574425574425574,0.9244455584851224
0.9550561797752809,0.2547452547452547,0.9254762268553189
0.9548872180451128,0.25374625374625376,0.9255184260136796
0.9547169811320755,0.25274725274725274,0.9255638121926808
0.9545454545454546,0.2517482517482518,0.9255993776862953
0.9543726235741445,0.25074925074925075,0.9256190131261722
0.9541984732824428,0.24975024975024976,0.9258169285303622
0.9540229885057471,0.24875124875124874,0.9259756092278967
0.9538461538461539,0.24775224775224775,0.9260765680795521
0.9536679536679536,0.24675324675324675,0.9261794976843006
0.9534883720930233,0.24575424575424576,0.9262044187769713
0.953307392996109,0.24475524475524477,0.9267881667979696
0.953125,0.24375624375624375,0.927307613847784
0.9529411764705882,0.24275724275724275,0.9286276702461402
0.952755905511811,0.24175824175824176,0.9296368393481605
0.9525691699604744,0.24075924075924077,0.9296416899447079
0.9523809523809523,0.23976023976023977,0.9300025178549461
0.952191235059761,0.23876123876123875,0.9304490347582075
0.952,0.23776223776223776,0.9311989485933828
0.9518072289156626,0.23676323676323677,0.9319020616647192
0.9516129032258065,0.23576423576423577,0.9320751075943705
0.951417004048583,0.23476523476523475,0.9321655276660599
0.9512195121951219,0.23376623376623376,0.9327442484091151
0.9510204081632653,0.23276723276723277,0.9331946672109751
0.9508196721311475,0.23176823176823177,0.9340489993089632
0.9506172839506173,0.23076923076923078,0.9354470277008682
0.9504132231404959,0.22977022977022976,0.9354837930527823
0.950207468879668,0.22877122877122877,0.93584605233591
0.95,0.22777222777222778,0.9360603145965355
0.9497907949790795,0.22677322677322678,0.9365520702605864
0.9495798319327731,0.22577422577422576,0.9365523332593684
0.9493670886075949,0.22477522477522477,0.9366343745325479
0.9491525423728814,0.22377622377622378,0.9373258507976888
0.948936170212766,0.22277722277722278,0.9376199315619681
0.9487179487179487,0.2217782217782218,0.937734966949144
0.9484978540772532,0.22077922077922077,0.9381469169369608
0.9482758620689655,0.21978021978021978,0.9382898026458348
0.948051948051948,0.21878121878121878,0.9391033027971132
0.9478260869565217,0.2177822177822178,0.9397384809529171
0.9475982532751092,0.21678321678321677,0.9401965211655201
0.9473684210526315,0.21578421578421578,0.9412179230853329
0.947136563876652,0.21478521478521478,0.9412562638137906
0.9469026548672567,0.2137862137862138,0.941712663337256
0.9466666666666667,0.2127872127872128,0.9418966622503743
0.9464285714285714,0.21178821178821178,0.9419679696035251
0.9506726457399103,0.21178821178821178,0.9421471935540324
0.9504504504504504,0.21078921078921078,0.9428178986082818
0.9502262443438914,0.2097902097902098,0.9428834690881742
0.95,0.2087912087912088,0.9429807455499155
0.9497716894977168,0.2077922077922078,0.9433675313020873
0.9495412844036697,0.20679320679320679,0.943925897625508
0.9493087557603687,0.2057942057942058,0.9443971063989725
0.9490740740740741,0.2047952047952048,0.944860836067567
0.9534883720930233,0.2047952047952048,0.9452731743377879
0.9532710280373832,0.2037962037962038,0.9453722926551335
0.9530516431924883,0.20279720279720279,0.945403910943488
0.9528301886792453,0.2017982017982018,0.9454114821327844
0.95260663507109,0.2007992007992008,0.9457607853410174
0.9523809523809523,0.1998001998001998,0.9459372387789947
0.9521531100478469,0.19880119880119881,0.9460992907336487
0.9519230769230769,0.1978021978021978,0.947236316939769
0.9516908212560387,0.1968031968031968,0.9473562545404723
0.9514563106796117,0.1958041958041958,0.9475871191554603
0.9512195121951219,0.19480519480519481,0.9478225595210077
0.9509803921568627,0.1938061938061938,0.9480313105374819
0.9507389162561576,0.1928071928071928,0.9481951637156847
0.9504950495049505,0.1918081918081918,0.9485448232990625
0.9502487562189055,0.19080919080919082,0.9487862312256098
0.955,0.19080919080919082,0.9489620269561329
0.9547738693467337,0.18981018981018982,0.9491098621974745
0.9595959595959596,0.18981018981018982,0.9495705002916004
0.9593908629441624,0.1888111888111888,0.9496079334787964
0.9591836734693877,0.1878121878121878,0.9496447992149142
0.958974358974359,0.18681318681318682,0.94989234124282
0.9587628865979382,0.18581418581418582,0.9503154962602783
0.9585492227979274,0.1848151848151848,0.9505235463520948
0.9583333333333334,0.1838161838161838,0.9508272728382502
0.9633507853403142,0.1838161838161838,0.9508761203857697
0.9631578947368421,0.18281718281718282,0.9513205107245647
0.9629629629629629,0.18181818181818182,0.9513815755123941
0.9627659574468085,0.18081918081918083,0.9514225879465036
0.9625668449197861,0.1798201798201798,0.9523752304709873
0.9623655913978495,0.17882117882117882,0.9531653647287429
0.9621621621621622,0.17782217782217782,0.9539535191352972
0.9619565217391305,0.17682317682317683,0.9544020042557438
0.9617486338797814,0.17582417582417584,0.9549552719670525
0.9615384615384616,0.17482517482517482,0.9549847626376832
0.9613259668508287,0.17382617382617382,0.9554939590599283
0.9611111111111111,0.17282717282717283,0.955797175186404
0.9608938547486033,0.17182817182817184,0.9558054714842898
0.9662921348314607,0.17182817182817184,0.9559943186177102
0.9661016949152542,0.17082917082917082,0.9562823649155462
0.9659090909090909,0.16983016983016982,0.9564220694964963
0.9657142857142857,0.16883116883116883,0.9569393749033293
0.9655172413793104,0.16783216783216784,0.9570403979086453
0.9653179190751445,0.16683316683316685,0.9574002855431936
0.9651162790697675,0.16583416583416583,0.957531890707406
0.9649122807017544,0.16483516483516483,0.9578027638123289
0.9647058823529412,0.16383616383616384,0.9580244257612629
0.9644970414201184,0.16283716283716285,0.9580757020599731
0.9642857142857143,0.16183816183816183,0.9582316084512675
0.9640718562874252,0.16083916083916083,0.9583955477441803
0.963855421686747,0.15984015984015984,0.9584179933946064
0.9636363636363636,0.15884115884115885,0.9585636344008006
0.9634146341463414,0.15784215784215785,0.959692285445415
0.9631901840490797,0.15684315684315683,0.9601024165333109
0.9629629629629629,0.15584415584415584,0.9601260907550204
0.9627329192546584,0.15484515484515485,0.9603812178538524
0.9625,0.15384615384615385,0.9605744341625942
0.9622641509433962,0.15284715284715283,0.9608146006867816
0.9620253164556962,0.15184815184815184,0.9615000730864887
0.9617834394904459,0.15084915084915085,0.9617674792374759
0.9615384615384616,0.14985014985014986,0.9618665471438342
0.9612903225806452,0.14885114885114886,0.962419079525268
0.961038961038961,0.14785214785214784,0.9627569892271212
0.9607843137254902,0.14685314685314685,0.9629359211331754
0.9605263157894737,0.14585414585414586,0.96333640168518
0.9602649006622517,0.14485514485514486,0.9636403132332768
0.96,0.14385614385614387,0.9637333309682728
0.959731543624161,0.14285714285714285,0.964686430149465
0.9594594594594594,0.14185814185814186,0.9651715359305064
0.9591836734693877,0.14085914085914086,0.9657103997228175
0.958904109589041,0.13986013986013987,0.9659107402770307
0.9586206896551724,0.13886113886113885,0.9659284176157784
0.9583333333333334,0.13786213786213786,0.9659857487059911
0.958041958041958,0.13686313686313686,0.9662094395339882
0.9577464788732394,0.13586413586413587,0.9662421258163654
0.9574468085106383,0.13486513486513488,0.9663705134048219
0.9571428571428572,0.13386613386613386,0.9670929937933557
0.9568345323741008,0.13286713286713286,0.9673194875429583
0.9637681159420289,0.13286713286713286,0.9677670066268386
0.9635036496350365,0.13186813186813187,0.9682742731779508
0.9632352941176471,0.13086913086913088,0.9683675679846396
0.9629629629629629,0.12987012987012986,0.9686872171126473
0.9626865671641791,0.12887112887112886,0.968847302257922
0.9624060150375939,0.12787212787212787,0.9691458786608512
0.9621212121212122,0.12687312687312688,0.9692333038912455
0.9618320610687023,0.1258741258741259,0.9697994840460166
0.9615384615384616,0.12487512487512488,0.9698157716602724
0.9612403100775194,0.12387612387612387,0.9700334823933929
0.9609375,0.12287712287712288,0.9705718782298595
0.9606299212598425,0.12187812187812187,0.970617514424108
0.9603174603174603,0.12087912087912088,0.9706774117651399
0.96,0.11988011988011989,0.9708176758184807
0.9596774193548387,0.11888111888111888,0.9711528568469312
0.959349593495935,0.11788211788211789,0.9714756413209173
0.9590163934426229,0.11688311688311688,0.9716044165196067
0.9586776859504132,0.11588411588411589,0.9717547504394599
0.9583333333333334,0.11488511488511488,0.9725336178016313
0.957983193277311,0.11388611388611389,0.9726832932688985
0.9576271186440678,0.11288711288711288,0.9727673976004448
0.9572649572649573,0.11188811188811189,0.9732518582269409
0.9568965517241379,0.1108891108891109,0.9736830836417079
0.9565217391304348,0.10989010989010989,0.973763015553608
0.956140350877193,0.1088911088911089,0.9739123873601097
0.9557522123893806,0.10789210789210789,0.9740812083647004
0.9553571428571429,0.1068931068931069,0.9741680490417309
0.954954954954955,0.10589410589410589,0.9744872116114617
0.9545454545454546,0.1048951048951049,0.974497859847899
0.9541284403669725,0.1038961038961039,0.9745811526684399
0.9537037037037037,0.1028971028971029,0.9747330739012378
0.9532710280373832,0.1018981018981019,0.974848305677991
0.9528301886792453,0.1008991008991009,0.9755011012779203
0.9523809523809523,0.0999000999000999,0.9761886250441423
0.9519230769230769,0.0989010989010989,0.976936532276782
0.9514563106796117,0.0979020979020979,0.9770039659230344
0.9509803921568627,0.0969030969030969,0.9777092526447945
0.9504950495049505,0.0959040959040959,0.9777531856702499
0.95,0.09490509490509491,0.977866811905707
0.9494949494949495,0.0939060939060939,0.9778738010675954
0.9489795918367347,0.09290709290709291,0.9783480883257324
0.9484536082474226,0.0919080919080919,0.9784318129204888
0.9479166666666666,0.09090909090909091,0.9785010312877681
0.9473684210526315,0.0899100899100899,0.9787387712688211
0.9468085106382979,0.08891108891108891,0.9789486169170429
0.946236559139785,0.08791208791208792,0.9792340026994368
0.9456521739130435,0.08691308691308691,0.9792652913281631
0.945054945054945,0.08591408591408592,0.9794150450807086
0.9444444444444444,0.08491508491508491,0.979864980594438
0.9438202247191011,0.08391608391608392,0.9801970652937922
0.9431818181818182,0.08291708291708291,0.9802481944307702
0.9425287356321839,0.08191808191808192,0.9802808041575636
0.9418604651162791,0.08091908091908091,0.9803618256084243
0.9411764705882353,0.07992007992007992,0.9804311500185178
0.9404761904761905,0.07892107892107893,0.9807074647708123
0.9397590361445783,0.07792207792207792,0.9822845158914798
0.9390243902439024,0.07692307692307693,0.9823985521295879
0.9382716049382716,0.07592407592407592,0.9825900008365888
0.9375,0.07492507492507493,0.982781095380259
0.9367088607594937,0.07392607392607392,0.9829777318593986
0.9358974358974359,0.07292707292707293,0.9830242172966532
0.935064935064935,0.07192807192807193,0.9830497069259678
0.9342105263157895,0.07092907092907093,0.9832508388748648
0.9333333333333333,0.06993006993006994,0.9834619337087607
0.9324324324324325,0.06893106893106893,0.983470104506243
0.9452054794520548,0.06893106893106893,0.9836122341240979
0.9444444444444444,0.06793206793206794,0.9839023605886564
0.9436619718309859,0.06693306693306693,0.9839175833706189
0.9571428571428572,0.06693306693306693,0.9839456414428442
0.9565217391304348,0.06593406593406594,0.9842558572451237
0.9558823529411765,0.06493506493506493,0.984289221635576
0.9552238805970149,0.06393606393606394,0.9851464489722311
0.9545454545454546,0.06293706293706294,0.9851480170892308
0.9538461538461539,0.061938061938061936,0.9855162430815839
0.953125,0.060939060939060936,0.9860775227752377
0.9523809523809523,0.059940059940059943,0.986090210758723
0.9516129032258065,0.058941058941058944,0.9862422796980179
0.9508196721311475,0.057942057942057944,0.9863307320103347
0.95,0.056943056943056944,0.9863930904308971
0.9491525423728814,0.055944055944055944,0.9866650086702367
0.9482758620689655,0.054945054945054944,0.9869459941806765
0.9473684210526315,0.053946053946053944,0.9875482994420356
0.9464285714285714,0.052947052947052944,0.9877859844887675
0.9454545454545454,0.05194805194805195,0.9878492389295432
0.9444444444444444,0.05094905094905095,0.9878784840361597
0.9433962264150944,0.04995004995004995,0.9883360076744874
0.9423076923076923,0.04895104895104895,0.9887576697923606
0.9411764705882353,0.04795204795204795,0.9889397387899808
0.94,0.04695304695304695,0.9891478471613973
0.9387755102040817,0.04595404595404595,0.9893002263895803
0.9375,0.04495504495504495,0.9898763933562761
0.9361702127659575,0.04395604395604396,0.9906388426524786
0.9347826086956522,0.04295704295704296,0.9906520038161137
0.9333333333333333,0.04195804195804196,0.9906553543349533
0.9318181818181818,0.04095904095904096,0.9911351373192941
0.9302325581395349,0.03996003996003996,0.9911835282766202
0.9285714285714286,0.03896103896103896,0.9918710062803802
0.926829268292683,0.03796203796203796,0.9922131934410647
0.925,0.03696303696303696,0.9923435840296494
0.9230769230769231,0.03596403596403597,0.9926763647969294
0.9210526315789473,0.03496503496503497,0.9927363632976477
0.918918918918919,0.03396603396603397,0.9929666277894846
0.9166666666666666,0.03296703296703297,0.9932147696968278
0.9142857142857143,0.03196803196803197,0.9934851212562432
0.9117647058823529,0.030969030969030968,0.9935072495449916
0.9090909090909091,0.029970029970029972,0.9936324478116352
0.9375,0.029970029970029972,0.9939258964171397
0.9354838709677419,0.028971028971028972,0.9939393966052704
0.9333333333333333,0.027972027972027972,0.9939408770939326
0.9310344827586207,0.026973026973026972,0.9940176463889258
0.9285714285714286,0.025974025974025976,0.994392537176231
0.9259259259259259,0.024975024975024976,0.9945366123301597
0.9230769230769231,0.023976023976023976,0.9949128655045283
0.92,0.022977022977022976,0.9953899963134872
0.9166666666666666,0.02197802197802198,0.9956079443956566
0.9130434782608695,0.02097902097902098,0.9957691889905058
0.9090909090909091,0.01998001998001998,0.9959940147059934
0.9523809523809523,0.01998001998001998,0.9960362222675778
0.95,0.01898101898101898,0.9962318158446452
0.9473684210526315,0.017982017982017984,0.9965716528062872
0.9444444444444444,0.016983016983016984,0.9969275557426552
0.9411764705882353,0.015984015984015984,0.9971367057842415
0.9375,0.014985014985014986,0.9971461539603615
0.9333333333333333,0.013986013986013986,0.997146899905527
0.9285714285714286,0.012987012987012988,0.9973231587699732
0.9230769230769231,0.011988011988011988,0.9975674713592677
0.9166666666666666,0.01098901098901099,0.9976829516806393
0.9090909090909091,0.00999000999000999,0.9978803276323502
0.9,0.008991008991008992,0.9978904879308356
0.8888888888888888,0.007992007992007992,0.997983784065568
0.875,0.006993006993006993,0.9984316756270813
0.8571428571428571,0.005994005994005994,0.9987525917936021
1.0,0.005994005994005994,0.9988321748984831
1.0,0.004995004995004995,0.9992946661197094
1.0,0.003996003996003996,0.9993219448185076
1.0,0.002997002997002997,0.999355169599599
1.0,0.001998001998001998,0.9995564312519776
1.0,0.000999000999000999,0.9995580073193758
