p__c01001,p__a03038,p__l01037,p__d26039,p__d26043,pid,is_churned
47,48,,190,190,10002,0
30,3,,120,120,40002,0
34,6,12,180,300,40004,0
31,12,30,120,60,100001,0
34,12,,60,30,100002,0
9,24,36,30,30,100003,0
35,35,,40,90,120001,0
25,39,,30,120,120002,0
42,32,,60,120,120003,0
32,30,66,60,180,120004,0
52,34,,30,90,300001,1
69,15,28,60,150,300002,0
78,27,30,150,110,300003,1
69,23,,60,120,310002,1
68,26,25,60,180,310003,0
65,14,,0,150,340002,0
68,2,,30,60,360001,0
45,24,,30,40,360002,0
63,21,4,60,60,380001,1
62,25,,120,180,380002,1
41,18,9,60,120,390002,0
44,38,12,10,30,390004,0
35,3,24,120,120,410003,1
105,14,60,90,180,420002,1
35,36,24,60,180,440003,0
23,48,24,90,180,440004,0
75,4,27,60,60,460001,0
60,8,,60,60,460002,0
65,14,,60,120,490001,0
60,18,31,120,180,490003,0
70,3,,120,240,520001,0
65,18,26,120,120,530003,1
70,14,,40,50,540003,1
67,4,,30,120,550002,1
70,5,,100,120,550003,0
50,24,60,90,180,560001,0
60,7,60,90,180,560002,0
65,12,4,60,120,590001,0
70,24,12,60,60,600005,1
50,3,5,60,120,610001,0
85,15,,150,60,630001,0
70,14,,90,90,630002,0
47,24,,80,80,660002,0
55,17,,30,30,730002,0
43,5,,60,120,750002,1
52,29,,60,120,830001,0
55,15,,40,30,830002,0
69,15,,90,120,830003,0
55,7,,120,180,890004,0
55,4,60,120,120,900002,0
69,2,,90,90,900003,0
55,16,50,90,90,900004,0
55,37,,20,90,930004,1
55,17,,120,240,950004,1
58,24,,120,180,960001,1
33,9,24,120,130,1010003,0
33,9,,110,110,1010004,0
55,62,12,120,270,1080003,1
58,18,,150,60,1100002,1
45,50,88,60,210,1120002,1
55,61,86,30,120,1120003,0
55,19,100,150,242,1160001,1
55,13,97,210,420,1160003,1
33,38,,60,120,1170001,1
33,37,,60,120,1170002,1
75,27,36,30,120,1170003,0
65,29,,150,60,1180002,0
53,15,14,30,30,1180003,0
60,31,,60,90,1210004,1
50,28,,20,60,1310001,0
55,5,,20,40,1310002,0
60,24,,30,40,1320101,0
50,37,,30,60,1320102,0
45,33,24,120,120,1340001,0
72,21,,60,180,1510003,0
25,6,,40,120,1520002,1
24,27,38,80,120,1520004,0
35,2,,40,90,1520005,0
32,25,8,90,180,1540002,0
70,27,,60,180,1540003,0
50,7,,120,180,1570001,0
57,10,,180,180,1600001,1
37,21,,120,120,1610001,0
37,21,,60,120,1610002,0
34,41,,90,90,1620001,0
56,19,24,120,240,1670001,1
35,41,24,120,180,1670002,1
33,16,24,30,30,1670003,1
40,32,6,90,120,1690001,0
41,32,6,120,180,1690002,0
32,36,24,60,150,1700001,0
32,5,24,120,120,1700002,0
27,7,24,60,120,1700003,1
34,45,,60,60,1720001,1
34,31,,60,120,1720002,1
55,24,,180,180,1720003,1
55,24,,120,180,1740001,1
55,36,,90,570,1740003,0
54,29,,120,180,1760004,0
55,20,,360,360,1770001,1
65,17,,300,300,1770002,1
40,12,,180,180,1800001,1
50,42,,210,180,1800002,1
54,24,,120,120,1840001,1
63,2,,30,60,1850001,0
30,24,,240,360,1850004,0
35,12,,180,300,1870003,0
54,14,,180,180,1880001,0
54,12,,60,120,1880002,0
75,4,3,180,180,1990003,0
56,3,,120,120,2000005,0
70,5,38,180,240,2010002,0
48,6,,60,60,2030001,0
48,4,,120,180,2030002,0
70,3,,120,180,2070003,0
75,14,,60,60,2080004,0
60,6,,180,180,2110003,0
65,14,,180,240,2140004,1
45,20,30,120,180,2170001,1
45,18,30,60,180,2170002,1
62,3,,120,180,2180003,0
60,3,24,180,240,2190001,0
55,3,24,120,180,2190002,0
30,6,24,120,180,2190003,1
65,17,41,120,180,2220003,0
32,8,,120,30,2340001,1
32,8,36,30,60,2340002,0
20,12,36,60,240,2340003,0
20,24,36,180,300,2340004,0
29,35,,150,180,2420002,1
85,5,,90,120,2450001,0
100,24,,60,90,2450002,0
50,9,30,150,180,2450003,0
50,9,18,120,150,2450004,0
35,7,21,0,120,2450005,0
72,24,60,180,30,2620001,0
93,28,48,120,240,2620002,0
42,72,60,0,60,2620003,0
70,6,,120,180,2640001,1
55,24,,60,120,2640002,1
70,12,,60,120,2640004,0
50,6,,180,120,2700002,1
60,6,60,120,90,2700003,0
60,6,,60,60,2800001,1
50,6,,90,60,2800002,0
65,18,12,90,60,2810001,0
60,18,,90,120,2820001,0
45,6,,120,60,2820003,0
60,6,,90,90,2830001,1
50,6,,120,90,2830002,0
60,3,,120,60,2830003,0
38,40,,30,45,3070002,0
67,33,,50,90,3100003,0
55,17,,120,90,3110002,0
50,30,20,60,150,3110003,0
46,33,6,90,60,3120002,1
50,48,,120,90,3120003,1
57,12,42,90,120,3170003,0
65,24,12,30,30,3180003,0
65,17,7,40,40,3190002,0
65,12,7,30,30,3190003,1
70,1,,120,240,3240001,0
67,19,,100,160,3250001,0
68,5,,150,230,3250002,0
69,5,5,120,180,3260001,0
72,3,26,120,180,3270002,0
64,24,,180,240,3280002,1
61,17,,40,80,3300001,1
64,4,,110,120,3300002,1
56,18,7,60,120,3300003,0
68,3,,40,240,3310001,0
41,20,,50,110,3350001,0
39,25,24,50,90,3350002,0
108,10,,290,600,3390101,0
108,6,11,180,300,3390102,0
108,7,,600,240,3390104,0
28,5,,160,150,3390105,0
70,24,,60,60,3420001,1
50,24,24,60,30,3420003,0
60,27,,180,180,3420004,0
37,8,,180,180,3440001,1
40,28,,120,120,3440002,1
25,13,,150,90,3440003,1
48,36,30,60,180,3460003,0
33,20,6,60,150,3460004,1
60,12,,20,20,3720003,0
60,12,,20,20,3730004,0
85,24,,120,180,3990001,0
85,12,,60,180,3990003,0
95,5,50,120,180,4060001,1
55,19,60,240,360,4060002,1
22,24,60,300,360,4060004,1
47,50,24,90,30,4080001,1
42,72,,60,60,4080002,0
21,33,,30,30,4110002,0
44,1,36,120,240,4110004,0
79,18,,120,240,4140001,0
49,18,,180,300,4140002,0
43,24,14,150,240,4140003,0
33,24,14,90,180,4140004,0
45,12,,60,90,4220001,1
45,12,,90,60,4220002,1
60,32,,120,60,4240002,1
60,12,,120,120,4240003,0
50,2,,120,120,4250003,1
40,30,,150,180,4270001,1
103,22,,40,30,4280001,1
33,22,,0,120,4280002,0
65,8,,180,240,4290003,0
70,6,42,120,180,4330003,0
59,6,,60,60,4340001,1
58,5,,120,180,4340002,1
59,3,,60,120,4390001,1
58,4,,120,120,4390002,1
62,21,4,60,60,4430001,0
63,25,,60,90,4430002,0
45,3,,15,15,4470002,0
50,5,,10,10,4500001,0
50,7,,10,10,4500002,0
50,7,,10,10,4520001,0
50,7,,10,10,4520002,1
60,6,12,60,60,4570003,0
24,34,,60,60,4610001,1
10,38,,240,360,4610002,0
35,36,56,90,150,4690003,1
55,6,7,0,60,4730003,0
53,4,,30,60,4730004,0
67,7,33,120,120,4820001,0
33,36,33,180,240,4820002,0
59,15,30,240,480,4980001,0
45,20,,390,420,4980002,1
19,30,,240,240,4980003,1
69,6,,30,60,4990001,0
20,13,36,30,60,4990002,0
51,1,36,299,300,4990003,1
50,18,,180,180,5010003,1
28,36,,30,60,5030001,1
27,36,,40,20,5030002,0
74,19,,90,120,5090001,1
54,18,,150,180,5090002,1
85,6,48,60,120,5190002,0
50,36,,30,30,5220002,0
42,12,,180,240,5220008,0
7,19,,180,300,5220101,1
48,49,36,180,180,5220102,1
30,18,,30,30,5220201,0
45,3,,120,180,5220301,0
50,24,,90,120,5220302,0
78,15,,120,180,5220401,0
42,5,,240,180,5260004,0
47,4,,120,120,5280003,1
35,36,,60,60,5320001,1
35,12,,60,60,5320002,1
45,15,,120,180,5320004,0
52,8,,120,150,5340001,0
55,10,,60,30,5340002,0
69,27,,120,120,5340003,0
55,8,,90,180,5350003,0
55,17,,60,120,5360003,1
30,36,24,50,120,5380001,0
85,8,12,20,60,5380002,1
30,48,12,120,120,5380003,1
35,24,12,300,360,5380004,1
35,25,,0,180,5400002,0
23,48,,60,180,5400003,0
20,15,,30,60,5400004,0
55,24,,90,120,5410005,1
22,58,,60,180,5430001,0
28,34,29,20,30,5430003,0
55,22,,90,120,5440001,0
38,30,12,30,50,5530004,0
50,9,,120,180,5720004,0
60,24,,120,60,5740001,1
50,24,,120,60,5740002,0
36,54,,60,120,5800002,0
58,15,,30,90,5860003,1
33,20,,120,150,5930001,1
55,26,14,120,180,5930004,0
35,10,36,60,60,6030001,0
35,4,36,60,120,6030002,0
35,8,36,60,60,6030004,0
35,31,,60,60,6070001,1
35,20,,60,120,6070002,0
30,8,27,50,90,6120001,0
17,12,22,30,120,6120002,0
130,29,12,60,60,6150002,1
112,18,38,120,180,6200101,0
78,18,30,60,180,6200102,0
90,24,,60,60,6200201,0
79,21,,90,180,6200202,0
92,24,48,240,480,6260001,0
70,33,,120,240,6270001,0
70,33,,20,120,6270002,0
70,9,24,60,120,6280001,0
50,36,24,20,120,6280002,0
50,54,,30,40,6290001,0
39,34,,40,40,6290002,0
75,6,,60,150,6330001,1
70,6,,30,90,6330002,1
55,34,,20,20,6340001,0
42,1,36,120,300,6370001,0
14,37,,220,300,6470002,1
65,22,,120,240,6470004,1
78,26,26,60,180,6540001,0
54,26,26,90,120,6540002,0
59,30,36,300,420,6550001,0
32,14,,60,180,6550002,0
45,52,34,120,60,6650001,0
35,45,12,120,240,6650002,0
67,18,,120,300,6650003,0
25,15,24,30,60,6660003,0
30,24,,120,180,6660004,0
25,14,8,60,90,6670003,0
44,4,,50,0,6700002,0
35,5,16,210,270,6700003,0
20,9,1,60,120,6700004,1
23,1,,30,60,6760002,1
45,28,,120,240,6810001,1
58,32,28,90,120,6810004,1
70,27,,60,120,6920001,0
70,8,,120,120,6930001,0
45,8,,60,90,6930002,0
58,36,6,40,70,6970001,0
45,16,16,210,150,6970002,0
32,6,48,0,30,6970003,0
69,17,,50,50,6980001,1
59,19,,40,40,6980002,1
100,44,,360,240,7000003,1
18,3,2,120,180,7000004,1
68,18,,300,240,7040002,0
40,27,,180,120,7040004,0
55,14,,40,30,7060001,1
33,12,,50,30,7060002,1
76,21,,120,120,7110003,0
45,12,,60,230,7110004,0
45,31,36,40,60,7130003,0
68,23,,0,180,7450001,1
69,1,,60,120,7480001,0
55,14,24,120,150,7480003,0
65,24,,40,80,7480005,0
65,42,,60,360,7510002,1
51,45,12,120,240,7530001,1
33,16,,120,180,7530002,1
54,24,9,150,60,7530003,1
55,18,18,60,120,7550003,0
65,4,6,180,240,7750001,0
60,4,,120,180,7750002,0
69,3,,180,240,7760003,0
69,3,,120,180,7770004,0
68,5,,120,180,7780005,0
47,6,,120,180,7790001,1
49,10,,120,180,7790002,1
59,3,,120,180,7790003,0
56,5,10,180,240,7800001,0
56,3,10,120,180,7800002,0
21,3,10,120,180,7800003,1
49,17,,180,180,7810001,0
49,17,,150,210,7810002,0
75,17,54,120,180,7820003,0
59,5,36,90,110,7850002,0
62,4,,90,240,7880001,1
61,4,,120,180,7880002,1
59,24,,60,120,7890001,0
58,26,,60,120,7890002,1
60,25,,90,180,7900001,0
61,25,,30,150,7900002,0
54,4,,160,120,7910001,1
52,7,,60,120,7910002,1
52,5,,90,120,7940002,0
65,12,,120,180,8130001,0
49,15,,210,360,8130002,0
35,14,,60,150,8140001,1
35,15,18,120,330,8180002,0
50,5,,60,60,8200002,0
50,6,,120,180,8200003,0
60,23,6,60,180,8230003,0
48,41,55,50,180,8230004,0
28,40,65,90,90,8250002,0
45,37,,90,180,8250003,0
32,39,,60,120,8380001,0
25,27,11,60,120,8380002,0
26,36,84,60,180,8390002,0
45,25,84,90,150,8390003,0
42,38,4,60,180,8390004,0
25,40,39,60,120,8400002,0
60,38,39,60,180,8400003,0
45,18,,60,90,8510001,0
35,53,,60,90,8510002,1
38,44,,60,60,8520005,0
35,36,,90,90,8560002,0
52,8,,60,90,8580003,1
70,20,,60,180,8740002,0
80,36,12,60,60,8840001,1
80,14,12,120,120,8840002,1
35,20,12,60,60,8840004,1
45,20,,30,60,8890002,1
54,20,,30,60,8900002,0
79,21,,60,90,8910002,1
54,17,12,60,90,8930003,0
64,20,,40,60,8970001,0
42,24,,50,90,8980002,1
57,28,,30,120,9270001,1
35,48,,60,90,9290001,1
8,13,,180,300,9290002,1
13,1,,120,90,9290003,1
15,13,31,120,120,9290004,0
77,24,36,240,480,9320001,0
55,15,36,120,0,9320002,0
55,15,24,120,360,9320003,0
38,15,,90,120,9370001,0
55,6,,60,60,9370002,0
55,21,,120,120,9370003,0
55,5,,30,30,9380001,0
52,5,,120,120,9380002,0
69,1,,90,90,9380003,0
69,4,,20,20,9380004,0
55,4,24,30,45,9490002,0
120,37,,60,120,9510003,0
65,36,,60,0,9570001,0
87,48,,360,360,9570004,0
52,24,,120,180,9610003,1
44,38,,60,120,9620001,1
54,29,,90,180,9620002,0
45,34,,60,120,9660001,1
45,39,,90,120,9660002,1
52,8,,120,240,9660003,1
49,34,,150,240,9660004,0
60,9,,120,200,9830001,1
60,8,,60,120,9830002,1
60,12,,60,140,9840001,1
60,7,,60,140,9840003,1
33,18,,60,120,9870003,1
16,12,24,30,60,9920003,0
16,30,24,180,240,9920004,0
87,18,,90,90,9930101,1
84,12,,60,60,9930201,0
60,30,,60,60,9930202,0
54,25,,0,150,9940001,0
34,36,,80,45,10040002,0
35,54,,40,30,10050002,1
56,29,26,40,90,10080001,1
17,7,,60,30,10210001,1
52,3,,60,60,10220001,0
52,16,,60,45,10230001,0
26,5,,40,80,10230003,0
34,3,,60,120,10240001,0
34,3,,120,120,10240002,0
15,1,,120,300,10240003,0
33,37,27,180,60,10240004,0
62,30,,120,30,10250001,1
38,36,,60,40,10250002,0
34,46,,150,40,10260001,1
45,17,,60,40,10320003,1
53,19,4,60,120,10330001,0
50,19,4,120,120,10330002,0
55,36,4,120,240,10330003,0
51,15,60,120,180,10370002,1
55,15,,30,80,10380003,0
98,21,,120,180,10410101,0
98,21,,120,240,10410102,1
45,26,,120,180,10480002,1
60,42,,240,280,10490001,1
45,46,,90,120,10490002,1
75,42,,60,120,10530002,1
69,14,,120,220,10550001,0
55,14,,60,140,10560003,0
50,14,,60,140,10570001,0
48,16,,60,140,10570002,0
60,12,,60,140,10570004,0
50,12,,90,80,10580001,0
60,9,,90,150,10580002,1
40,2,40,60,60,10650001,0
40,20,12,180,120,10670004,0
110,17,,192,313,10670005,1
68,24,60,120,120,10680001,1
45,34,,150,120,10680002,1
35,20,36,60,90,10680004,1
65,29,,120,120,10690001,0
65,12,24,20,240,10730001,0
39,6,24,180,180,10730002,0
55,28,,120,120,10750001,0
54,12,,120,0,10790002,1
55,36,,120,180,10850001,1
45,36,,90,150,10850002,1
45,26,,180,180,10900002,1
50,12,,40,90,11000002,0
65,9,,60,170,11000101,0
65,12,,60,170,11000102,0
60,12,,50,100,11010001,1
59,7,,50,100,11010002,1
60,12,,60,140,11020001,1
60,7,,60,140,11020002,0
60,9,,50,100,11020003,0
60,14,,110,170,11030001,0
60,13,,100,140,11030002,0
62,13,,60,140,11030004,0
52,10,,40,50,11040002,0
55,9,,50,100,11070001,0
50,14,,50,100,11070002,1
60,18,,60,120,11110002,1
52,4,,120,60,11140001,0
42,4,,120,120,11140002,1
48,12,,60,120,11160001,0
52,12,,70,50,11160002,0
48,9,,150,240,11180001,0
42,7,,60,120,11180002,0
82,3,,60,90,11220001,0
52,30,,120,120,11290003,1
45,19,,15,50,11390001,0
37,6,,30,60,11410002,0
64,6,,30,60,11420003,0
51,23,,60,60,11430002,1
44,28,,30,50,11440003,0
50,24,,60,90,11460002,0
40,42,38,30,30,11470004,1
30,3,24,40,60,11490004,1
55,28,,30,30,11510002,0
45,56,54,40,30,11510004,0
60,20,54,40,60,11520004,1
50,57,,20,20,11530002,1
60,30,30,20,60,11530003,0
55,43,,30,30,11620004,1
50,21,48,40,60,11660001,0
35,21,48,30,60,11660002,1
40,50,,20,40,12040003,0
45,27,,50,80,12110001,1
30,27,,30,120,12110002,1
65,30,,0,60,12110003,1
35,21,,30,60,12170001,1
35,30,,30,60,12170002,1
65,22,,20,40,12220001,1
60,18,,30,60,12260001,0
85,22,,60,120,12270001,1
28,21,,30,30,12320001,1
28,24,,10,10,12320002,1
45,18,,30,40,12330001,0
64,28,,30,60,12340003,0
44,31,36,30,40,12350002,0
45,24,,40,60,12400002,1
45,25,29,60,60,12400004,0
70,18,,0,60,12420001,0
40,20,,60,300,12420002,0
35,22,,60,150,12420003,0
45,36,,15,60,12450001,1
40,30,,60,120,12460001,1
45,30,,120,120,12460002,1
45,33,,60,120,12460003,1
50,20,,60,60,12470001,1
55,20,,30,60,12470002,1
60,12,,30,60,12470003,1
25,18,,30,120,12490001,1
20,20,,90,210,12490002,1
70,1,,90,240,12500002,1
90,6,24,120,180,12500003,0
67,24,,120,120,12510003,0
86,22,,120,50,12590003,0
54,5,,135,100,12610002,0
69,3,,60,120,12830001,0
168,3,,90,150,12830002,0
25,25,72,30,120,12840002,0
33,3,60,60,180,12840003,0
40,6,,60,180,12850003,0
78,16,,90,150,12880001,0
78,16,,90,120,12880002,1
58,21,,20,30,12980001,1
49,23,,90,90,12980002,1
69,33,,45,80,13170001,0
65,18,48,90,120,13190005,0
65,10,29,0,180,13290001,0
48,48,,20,20,13410001,1
80,18,12,20,30,13410002,0
55,7,,120,60,13450001,0
52,17,,160,60,13450003,0
69,22,,60,0,13460001,0
34,6,,40,90,13460002,1
67,27,,120,60,13480001,0
65,20,,120,40,13490004,0
23,22,18,40,60,13490008,1
110,12,,60,120,13560001,0
98,2,36,60,60,13560002,0
35,12,,120,120,13590003,1
91,12,,30,80,13610001,0
50,36,,30,60,13780001,1
65,14,,60,120,13780002,0
40,14,,10,60,13830002,1
45,18,,30,120,13830003,1
43,12,,30,120,13830004,1
44,15,,40,60,13940002,0
42,3,,40,50,13950002,0
43,30,,40,10,13970001,1
46,24,,90,40,13970003,1
75,44,,30,60,14300001,1
45,56,,30,30,14300004,0
45,14,,60,60,14330002,1
24,8,,10,90,14340001,1
23,4,,90,30,14340002,1
51,31,,60,120,14340004,0
29,3,,45,30,14430002,0
67,7,,180,150,14480001,1
67,33,,150,240,14480003,0
23,3,,25,40,14540003,1
33,12,,90,150,14560003,1
67,2,18,30,120,14580001,1
72,4,60,100,150,14580002,0
72,9,5,120,240,14580003,0
50,3,,90,150,14590003,0
45,8,,90,30,14630001,1
43,4,,40,50,14640002,1
72,6,7,120,180,14640003,0
38,7,,120,40,14670002,0
65,22,27,10,10,14700003,0
53,21,,0,150,14710001,0
68,11,,30,90,14730002,1
55,11,,30,60,14730003,0
48,4,6,120,120,14740002,1
70,3,6,150,180,14740003,0
48,30,48,60,60,14770001,1
48,20,48,120,120,14770002,1
100,3,48,180,300,14770003,0
75,3,88,60,120,14810001,0
55,3,88,60,120,14810002,0
69,4,74,60,100,14830003,1
75,3,,60,100,14840001,0
44,27,,60,120,14840002,0
61,15,,60,110,14850003,1
55,18,84,60,120,14870004,1
62,27,26,60,60,14880001,1
47,17,26,60,90,14880002,1
47,17,26,60,120,14880003,1
65,16,,90,150,14970003,0
50,17,,60,120,15120001,1
50,17,,60,90,15120002,0
42,36,,360,300,15130001,0
35,36,,240,240,15130002,0
70,10,,40,120,15140001,1
70,10,,30,120,15140002,1
38,3,,30,45,15160002,0
23,3,54,120,180,15200004,1
18,24,,0,180,15300002,1
15,7,5,30,30,15300004,0
73,20,48,45,30,15340001,0
43,48,53,60,150,15340004,1
55,24,,120,60,15410001,0
45,24,,180,60,15410003,0
55,36,,45,30,15480002,0
32,20,22,90,180,15480003,1
45,49,,150,270,15580005,1
12,19,,20,0,15590002,0
74,4,38,120,120,15610001,0
74,4,,120,0,15610002,0
107,4,38,210,240,15610004,0
32,14,,120,120,15630101,0
37,18,48,120,60,15630201,0
57,36,60,60,120,15640003,1
25,36,,70,50,15650002,1
30,54,,60,60,15680001,1
50,24,,30,60,15680002,1
80,24,42,0,120,15680003,0
30,24,,90,120,15680004,0
35,31,,150,150,15710001,0
55,2,56,280,140,15710004,0
55,9,10,60,120,15720004,0
45,24,36,180,0,15720006,0
67,12,36,180,300,15730008,0
50,24,,60,60,16100002,0
48,6,,60,180,16100101,0
42,21,,60,180,16100102,0
79,5,88,60,120,16120001,1
55,17,50,60,120,16150001,0
55,17,50,60,120,16150002,0
47,3,50,60,60,16150003,0
68,17,,60,120,16190001,0
60,12,,90,60,16240001,0
65,32,60,90,60,16260002,0
54,4,26,0,150,16310001,1
65,4,26,0,150,16310002,1
53,22,24,60,210,16320001,1
56,21,24,0,150,16320002,0
79,22,,480,240,16340002,1
119,12,14,300,120,16340004,0
67,18,45,160,120,16510003,0
49,5,8,180,240,16790005,0
60,29,12,60,60,17070003,1
50,24,,30,60,17110002,1
63,6,,60,150,17110003,0
50,19,,30,60,17130001,1
53,19,,20,20,17130002,1
80,54,12,20,30,17130003,0
50,36,,90,90,17470001,1
65,42,,120,120,17470002,0
60,36,,90,120,17470003,0
26,20,,90,90,17570002,1
100,22,14,90,120,17570003,0
50,55,,30,50,17580002,1
50,25,,30,30,17580003,1
55,7,,90,180,17610003,0
50,54,,20,30,17620001,1
60,6,6,30,60,17620002,1
80,38,6,30,20,17620003,1
68,34,24,120,120,17630003,1
102,41,,120,240,17690003,1
51,8,24,480,600,17740004,0
50,27,31,90,180,17750001,0
43,42,36,300,360,17750002,0
50,33,48,60,150,17750004,0
25,24,,60,60,17800001,1
30,16,12,60,60,17800003,1
100,18,,60,180,17860001,0
80,30,,120,180,17860002,1
35,36,,120,240,17860003,0
54,38,,60,120,17860004,1
70,2,60,300,300,17900005,0
100,3,36,30,30,17900101,0
100,9,30,30,30,17900102,0
69,8,,60,90,18070001,1
46,8,,60,90,18070002,1
55,29,,90,40,18330001,1
68,48,,120,120,18540001,1
68,17,,120,120,18540002,1
40,20,24,240,300,18540003,0
39,16,,90,90,18860002,1
52,10,,90,120,18890001,0
52,4,,90,150,18890003,0
48,17,,60,60,18900003,0
54,8,,30,30,18920001,1
45,8,,30,90,18920002,1
20,8,,60,60,18920003,1
45,15,18,30,30,19090001,0
100,24,30,30,60,19200101,0
80,24,30,30,60,19200102,0
80,16,,20,60,19230001,1
105,3,,10,40,19230002,1
30,30,12,60,60,19230003,1
30,30,12,60,60,19230004,1
38,20,,60,60,19300003,1
69,28,40,120,360,19470003,1
80,24,6,60,60,19570001,0
59,34,,120,120,19570002,0
55,3,3,90,180,19570003,0
50,41,,30,60,19650003,0
60,5,24,20,60,19660001,1
48,7,29,120,60,19660002,1
42,6,24,60,60,19660003,1
50,28,,20,40,19680002,1
65,28,,30,60,19680003,1
45,7,,30,60,19730003,1
69,10,24,60,120,19750003,1
55,10,,90,120,19780001,1
43,4,,60,90,19780002,1
40,30,,50,80,19780003,1
45,14,30,60,120,20090003,1
45,3,,120,120,20100003,0
90,26,,120,360,20110002,1
35,17,,40,40,20280002,1
35,18,,60,60,20280003,1
70,34,,30,30,20450001,1
50,34,,20,30,20450002,1
12,38,,80,80,20460001,1
35,36,,150,150,20460002,1
80,7,,30,30,20490101,1
67,14,,60,60,20520101,0
85,22,,20,30,20530001,1
77,22,,20,40,20530002,1
80,18,,30,60,20530003,0
87,24,,90,90,20530101,1
70,18,,30,30,20540001,0
40,26,,30,30,20540002,0
60,36,,20,30,20540004,0
100,3,,30,60,20540101,0
69,42,,60,60,20560001,1
50,40,,30,30,20620001,1
40,18,,30,90,20620002,1
50,38,,20,20,20640001,1
40,37,,15,20,20640002,1
70,38,,30,30,20640003,0
70,39,,20,20,20640004,0
69,12,,20,20,20690001,1
69,12,,30,30,20690002,1
43,12,,30,30,20690003,1
43,12,,20,20,20690004,0
69,6,,40,40,20720101,1
69,6,,30,30,20720102,1
50,2,72,120,120,20750002,0
65,24,,60,240,20770001,0
65,30,24,60,240,20770003,0
25,39,,60,60,20890002,0
45,24,,120,120,21070002,0
38,84,,120,120,21120001,1
35,84,,30,30,21120002,1
60,30,,30,60,21120005,0
65,18,,120,240,21140003,0
70,36,42,150,240,21170001,0
60,27,,120,120,21190001,1
50,27,,120,180,21190002,0
59,4,,40,130,21360001,1
59,4,,40,130,21360002,1
59,4,,100,150,21360003,1
41,34,,30,30,21430004,0
78,25,,30,30,21450004,0
69,9,,60,120,21480003,0
45,42,36,60,120,21490001,0
36,16,36,180,120,21490002,1
33,30,36,120,180,21490003,0
24,42,36,120,240,21500004,0
25,27,,90,240,21530003,0
93,72,,240,600,21530005,0
80,2,18,0,240,21570001,0
37,42,36,120,0,21570002,0
33,22,,60,120,21570004,0
130,18,,120,120,21580001,0
30,6,,120,120,21580002,0
67,16,26,120,180,21580003,0
67,38,28,90,180,21580004,0
42,24,,120,120,21650001,0
42,29,,60,60,21650002,0
39,28,,60,120,21720001,0
34,9,,60,90,21720002,0
48,7,9,60,120,21720004,0
40,36,,120,60,21770001,0
40,5,,60,100,21780002,1
70,29,,60,120,21840001,1
70,13,,90,140,21840002,1
25,26,,60,90,21980002,1
42,21,36,60,60,21990003,1
89,23,60,60,220,22000002,0
62,22,29,300,510,22000003,0
38,20,18,300,420,22010003,0
100,18,17,150,480,22070002,0
65,48,,60,60,22200002,1
54,29,,120,120,22220002,0
45,4,48,120,150,22330001,0
50,12,,120,120,22340001,1
52,34,,120,120,22380004,1
25,16,48,60,180,22510002,1
25,36,48,20,60,22510003,1
40,55,60,180,60,22530001,1
60,12,48,30,60,22560002,0
100,12,24,60,180,22560003,0
100,24,4,240,360,22560004,0
45,46,5,120,120,22590001,1
33,12,44,90,210,22640004,1
48,42,,120,30,22650003,1
54,13,,35,20,22660003,0
40,18,,120,480,22760003,0
55,36,,20,120,22850001,1
50,36,,30,120,22850002,1
50,24,,60,120,22850004,1
50,26,,30,60,22880002,1
65,3,,40,40,22880003,1
55,38,,40,40,22880004,0
24,45,,90,180,22980002,0
65,23,,60,180,22980003,0
78,35,,90,120,22990004,0
35,40,,60,180,23020003,0
23,17,54,30,60,23030002,0
65,27,,60,120,23030003,0
34,40,,60,60,23050001,0
30,43,64,40,90,23050002,0
72,20,,60,120,23050003,0
38,17,,30,30,23080003,0
45,3,36,35,140,23120003,0
40,2,24,40,90,23120005,1
55,36,,10,20,23290001,0
45,12,,75,150,23290003,1
50,26,,120,150,23290004,0
40,48,,20,40,23310001,0
88,12,,150,60,23470001,0
55,12,12,40,20,23470002,0
66,17,20,240,300,23470004,1
50,12,,30,60,23510002,1
60,21,,60,140,23540003,0
60,21,,60,160,23540004,0
63,15,,60,120,23570001,0
70,14,,60,160,23570002,0
35,12,,60,160,23580001,1
85,4,,110,140,23580101,0
75,3,,60,140,23580102,0
50,24,,120,200,23600001,0
69,14,,110,130,23600002,0
90,19,,180,300,23610004,0
35,33,,60,90,23620001,1
35,32,,30,20,23620002,0
67,27,,30,60,23650003,1
38,2,60,30,50,23680003,0
98,15,,180,180,23790001,0
75,17,,150,90,23790002,0
63,24,,80,180,23790003,0
82,22,24,180,180,23790004,0
65,16,,90,160,23820002,0
62,33,,20,80,23860101,0
62,12,,40,90,23860102,0
65,16,,30,100,23930007,1
65,22,,60,160,23970003,1
68,47,,60,110,24010001,1
45,45,,60,120,24010002,1
65,18,,60,120,24040001,0
40,45,,60,120,24040002,0
52,4,,120,60,24060005,1
50,24,,480,600,24080001,1
130,20,,180,300,24080002,0
67,12,48,240,180,24080004,0
80,24,,120,180,24140001,1
50,24,,120,240,24140002,1
50,12,12,180,180,24140003,0
62,41,26,300,180,24200002,1
35,6,,60,120,24280001,1
35,8,,60,120,24280002,0
35,2,,60,120,24280004,0
56,18,,60,120,24370003,0
40,18,,60,120,24390002,0
40,28,,60,150,24400002,0
50,18,,120,120,24470004,1
33,36,46,150,270,24520003,0
45,14,,60,60,24540002,1
68,7,,30,60,24610001,0
33,10,,30,30,24610002,0
38,10,,60,120,24700001,0
38,7,,60,60,24700002,0
55,2,,60,180,24710001,0
55,5,,120,180,24710002,0
37,10,,30,120,24740001,0
37,10,,60,120,24740002,0
40,8,,120,120,24740003,0
38,6,,60,120,24750001,0
38,1,,60,60,24750002,0
38,10,,60,60,24780001,0
38,2,,60,60,24780002,0
35,3,,40,120,24780003,0
55,26,7,60,120,24840101,1
55,5,7,60,120,24840102,1
42,30,,40,90,24890001,1
62,10,,60,30,24930002,1
80,32,,40,40,24940003,0
55,38,,40,80,24950001,1
40,52,,60,30,24950002,1
56,17,,60,120,25020101,1
70,17,,60,120,25020102,1
61,9,,120,120,25210003,0
49,48,41,300,420,25260004,0
67,24,,90,180,25270001,0
59,18,,80,180,25270002,0
50,22,,180,60,25310002,0
85,17,,60,90,25310003,0
45,18,,90,180,25330003,0
53,18,,120,60,25340001,0
65,32,,120,60,25340002,0
49,20,,60,60,25480001,0
30,22,49,30,60,25480002,0
63,27,,30,90,25490001,0
47,20,,10,60,25490002,0
55,22,42,60,60,25490003,0
62,17,,90,120,25560001,0
55,36,,600,0,25570002,0
25,24,12,480,0,25570003,0
34,24,,480,0,25570004,0
55,20,,120,60,25580001,0
50,2,,30,30,25610003,1
48,3,,20,20,25610004,1
37,24,,180,300,25640004,1
45,3,,90,150,25660004,1
40,2,,90,120,25660007,1
38,3,,45,90,25660008,0
35,5,,20,90,25660009,0
55,4,,120,60,25710001,0
69,17,,150,90,25730001,0
55,4,,90,120,25790001,0
48,6,,120,240,25900004,1
50,30,,120,120,25910004,0
63,5,,120,120,25920003,0
75,29,,120,120,25920004,0
47,2,,30,30,25950002,1
60,17,,40,40,25950003,0
52,16,,120,60,25980003,0
58,6,,30,30,26000001,0
55,14,,60,40,26040003,0
50,4,,60,60,26050001,0
45,12,,120,60,26070001,0
78,24,,40,40,26090005,0
55,20,7,100,50,26120001,0
39,16,,40,90,26130001,0
70,2,,60,60,26230001,1
50,2,,60,60,26230002,1
85,22,8,120,240,26240004,0
50,6,,120,180,26280002,0
52,60,,60,300,26290001,0
72,56,43,60,180,26290003,0
73,44,44,60,180,26290004,0
61,25,38,180,300,26290005,0
55,28,,60,60,26300002,0
96,2,12,180,120,26360003,0
50,62,,60,60,26370004,0
80,48,,60,60,26410001,0
60,54,,60,60,26410002,0
35,24,,60,100,26410003,0
35,6,,10,0,26420001,1
45,6,48,60,60,26420002,0
42,26,39,60,120,26530003,1
90,24,,90,180,26540002,0
70,9,60,180,240,26540003,1
30,15,2,90,150,26790004,0
25,42,18,150,240,26790005,0
50,3,,100,110,26810004,1
25,24,24,90,150,26810005,0
58,23,,150,180,26850001,0
55,3,,120,240,26850002,0
15,42,24,240,240,26870005,0
55,38,72,180,300,26890002,1
40,49,,180,240,26890003,0
60,60,,120,240,26910001,0
34,18,,150,60,26910002,0
33,24,,120,30,26910101,0
125,20,18,30,120,26960001,0
99,34,44,60,120,26960002,0
19,14,,60,60,26960003,0
110,18,48,30,60,26960101,0
55,17,48,60,60,26960102,0
70,28,24,90,60,26980101,1
40,48,24,90,90,26980102,1
70,36,14,60,60,26980201,1
50,36,14,120,120,26980202,1
24,52,,120,0,27010001,0
33,11,,30,0,27010002,1
55,39,24,10,60,27010003,0
80,24,,180,300,27020002,0
28,5,,60,180,27140001,0
25,4,,120,90,27140002,0
52,32,,40,30,27160003,1
29,35,,120,180,27210002,1
50,47,36,30,120,27230001,1
55,4,36,60,120,27230002,1
56,5,,90,90,27300101,1
59,22,,30,30,27300102,0
64,15,,150,240,27380001,0
58,6,,180,270,27380002,0
60,5,,60,60,27410003,0
105,23,22,360,420,27470001,0
95,15,18,300,300,27470002,0
50,24,2,180,180,27470004,1
50,17,2,120,300,27490003,1
54,30,27,240,600,27500001,0
28,19,19,240,360,27500002,0
58,19,19,120,120,27500003,0
86,6,27,300,366,27500004,0
32,42,24,60,180,27500005,0
19,39,,20,60,27530002,1
22,1,6,300,540,27560004,0
20,40,12,0,120,27600001,0
13,7,12,120,120,27600002,0
43,7,30,60,300,27600003,0
80,12,,180,120,27610002,1
52,15,60,30,60,27790002,1
21,43,,150,240,27810001,0
16,42,,240,240,27810002,0
70,2,20,30,60,27860001,0
70,1,20,60,180,27860002,0
37,3,,30,30,27870001,0
40,2,,15,15,27900002,0
70,6,,180,240,27910003,0
65,6,,120,120,27920001,0
90,3,,210,210,27940001,0
24,48,96,60,120,27940002,0
44,36,72,120,60,27940003,0
37,8,,180,360,27940004,0
25,24,,120,360,28010001,1
21,30,,240,360,28010002,1
125,18,24,120,240,28050001,0
55,12,,180,300,28050002,0
59,4,,330,400,28050004,1
5,24,,60,120,28070001,1
5,17,,120,120,28070002,1
30,24,,180,0,28070003,0
10,24,,180,60,28070004,0
44,12,,90,240,28140001,0
21,48,,90,130,28140002,1
31,12,,180,240,28140003,0
50,29,,60,120,28260001,0
50,42,24,60,120,28260003,0
24,60,24,180,240,28260004,0
32,12,,30,60,28280002,1
55,8,,30,120,28280004,1
82,36,,20,30,28290004,0
70,20,,90,120,28310003,0
20,34,14,30,60,28320003,0
45,26,,180,180,28350002,1
15,42,,160,90,28500001,0
15,42,,150,60,28500002,0
15,41,,270,360,28500004,1
62,6,72,120,180,28570001,0
61,4,72,120,180,28570002,0
62,6,,180,180,28580005,0
31,19,12,120,240,28610004,0
55,36,48,180,180,28620003,0
9,32,24,90,120,28640001,0
18,24,,120,180,28640002,0
4,24,36,90,120,28640003,0
78,9,,60,120,28700002,0
23,15,,180,180,28850004,0
46,17,,240,480,28850101,0
80,2,,240,480,28850102,0
60,21,,20,60,28930003,1
54,45,,40,60,28940001,1
65,28,,60,60,28950002,0
32,41,36,60,60,28950003,1
80,18,24,480,240,28960002,0
60,24,,90,120,28990001,0
65,10,18,30,30,29170004,0
65,14,,180,300,29220003,1
16,8,5,60,120,29220004,1
80,3,48,60,180,29250003,0
72,12,,60,240,29250004,1
55,3,30,60,180,29490001,0
20,30,6,30,30,29490004,1
80,19,24,120,120,29500001,1
61,24,,60,60,29500002,0
58,3,,30,80,29550003,0
80,22,,60,180,29620001,0
45,18,,50,60,29620002,0
40,6,,30,15,29640002,0
49,13,,120,180,29690003,0
38,12,,120,180,29690004,1
55,35,35,160,110,29700004,0
90,15,41,40,80,29720003,0
63,7,,90,120,29780002,0
37,5,,90,50,29820002,1
40,14,,90,40,29820003,1
62,15,,220,170,29890002,1
28,64,,90,60,29920001,1
25,20,18,0,120,29930004,1
65,15,,150,120,29970001,0
50,15,12,90,0,29970002,0
50,6,12,150,300,29970003,0
69,12,21,120,180,29990001,1
30,72,,120,120,30010001,0
30,44,,60,120,30010002,0
41,26,48,60,120,30010004,1
71,18,,0,180,30130001,0
59,19,,0,180,30130002,0
55,45,,60,120,30140001,1
45,46,,90,120,30140002,1
43,9,72,60,120,30210001,0
52,31,,60,120,30210004,0
55,5,,15,10,40060002,0
60,3,,180,180,40080001,0
60,3,,120,120,40080002,0
65,5,,60,120,40110001,0
58,8,,60,90,40110002,0
60,5,17,60,90,40120001,0
58,5,17,60,90,40120002,0
60,5,,60,120,40140001,1
55,8,,60,90,40140002,0
64,12,,60,90,40160001,0
22,18,,60,90,40190001,1
51,16,25,60,150,40190002,0
64,5,,90,90,40240001,0
60,7,18,120,120,40240002,0
65,5,,60,60,40290001,1
63,5,,60,90,40290002,0
57,7,,120,240,40310001,0
49,6,,120,120,40310002,0
35,22,,180,180,40310003,0
58,7,,10,10,40340002,0
68,2,,90,120,40350001,1
69,31,36,120,150,40350002,1
72,26,36,120,210,40360002,0
64,5,24,120,120,40370001,0
62,5,36,120,180,40370002,0
70,3,,180,240,40400004,0
69,32,33,90,120,40430001,0
59,22,,90,120,40430002,0
72,6,6,120,180,40460004,1
60,32,,120,120,40530001,0
55,3,,120,120,40530002,0
70,5,34,60,120,40550001,1
44,5,34,60,60,40550002,1
55,8,20,5,5,40570001,0
65,4,,120,180,40600002,0
64,5,17,60,120,40610004,0
53,32,,100,150,50020001,0
53,20,,30,90,50020002,0
49,20,,90,130,50020003,0
69,18,,40,90,50030001,1
59,18,,40,110,50030002,1
59,18,,30,100,50030003,1
55,28,,120,120,50360003,1
75,25,,90,90,50430003,1
60,24,,30,60,50490004,0
48,33,,60,30,50750004,1
69,3,,40,130,50780001,1
69,3,,30,130,50780002,1
69,3,,40,140,50780003,1
50,41,,30,60,50910001,1
69,18,,60,120,50910002,1
35,39,,20,60,50940001,1
35,42,,40,60,50940002,1
55,64,,30,60,50970003,1
65,30,,20,60,50970005,1
35,15,,60,60,51020002,1
55,15,15,120,120,51020003,0
55,28,,30,60,51030002,0
55,46,,120,120,51040002,0
55,24,24,60,60,51040003,0
55,30,,30,30,51070001,0
55,32,,30,30,51070002,0
55,12,20,60,60,51070003,0
55,24,,120,120,51200004,1
65,26,46,60,120,51330003,1
65,17,,50,120,51410001,1
75,42,,20,60,51460002,0
65,16,,90,90,51480002,0
50,13,30,60,60,51630002,0
60,15,68,30,30,51640003,0
45,30,60,30,30,51640004,1
45,30,48,30,30,51700004,0
65,31,,60,150,51850001,0
65,29,,30,120,51850002,0
40,9,,90,90,51960001,1
40,12,,30,30,51960002,1
65,21,,25,80,52710002,0
55,24,,30,60,52830001,0
40,48,,30,60,52900001,1
55,39,,30,30,52900002,1
65,14,,60,60,53260002,0
55,30,,30,30,53280002,0
45,18,,30,60,53540001,0
72,18,,30,90,53540002,0
35,8,,20,90,53540006,0
34,27,,240,243,53620003,1
68,29,,20,60,53680002,0
60,24,,120,60,53860001,0
40,25,36,120,180,53860005,1
90,10,,90,120,53950001,1
90,5,,60,90,53950002,1
51,15,,120,180,54020001,0
52,12,,60,60,54020004,0
69,14,,60,60,54250002,0
51,12,,120,180,54260001,0
120,8,,60,60,54600003,0
18,56,,120,120,54610001,0
45,42,,60,60,54610002,0
85,6,24,120,240,54610003,0
24,38,28,120,150,54770001,0
36,10,29,60,120,54770002,0
32,13,,150,120,54840001,0
48,6,15,30,90,54840002,0
25,36,,30,60,54860004,0
52,43,,120,60,55000001,0
25,48,,90,20,55000002,0
100,48,,240,360,55100003,0
60,22,,120,120,55130002,0
40,18,,30,30,55180002,1
25,28,6,10,120,55340001,1
23,60,72,120,240,55490001,0
66,58,72,180,60,55490002,0
33,27,72,0,240,55490003,0
25,96,,60,0,55510001,0
82,5,,240,300,55520002,1
58,54,26,90,180,55620004,0
55,18,,390,390,55680003,1
11,8,,30,60,55710002,0
33,60,,120,180,55730003,1
43,21,,150,210,55760002,0
112,36,,110,150,55760003,0
42,49,,180,300,55890003,1
31,36,36,30,120,55940002,0
49,29,40,60,150,55940003,0
30,28,24,60,90,55940004,0
43,42,,60,60,55950003,0
33,60,12,60,60,56020001,1
44,66,60,60,300,56020002,1
45,30,60,60,120,56020003,1
75,24,,360,600,56030004,0
49,16,,110,150,56050001,0
32,29,,210,320,56050002,0
75,30,,90,210,56050005,0
29,48,,30,30,56210001,0
55,2,,60,60,56210002,1
40,63,,120,60,56220002,0
27,60,,120,60,56220003,0
70,18,,30,60,56250002,0
43,20,25,30,120,56250004,0
35,24,,60,60,56320002,1
40,34,,30,60,56410001,0
45,43,,60,120,56410002,1
80,43,,150,240,56410003,0
53,30,48,120,180,56460002,0
55,27,,240,180,56510002,0
50,24,36,60,60,56510003,0
71,42,,0,120,56550001,0
51,21,,120,120,56550002,0
35,8,36,120,180,56550004,0
50,36,,120,120,56590001,1
50,36,96,60,120,56590002,1
33,24,,60,60,56600003,1
33,42,3,60,120,56600004,1
40,32,24,120,120,56640004,0
85,17,,90,160,56850002,0
89,19,,60,120,57010001,0
70,20,,110,150,57010002,0
85,20,,60,120,57090001,0
83,20,,80,120,57090002,0
80,47,,60,120,57110001,0
55,12,,30,80,57130001,1
50,12,,30,80,57130002,1
68,9,,60,140,57150001,0
68,9,,85,140,57150002,0
58,12,,30,80,57160001,0
60,12,,30,90,57160002,0
65,9,,30,80,57170001,0
60,16,,60,140,57180001,0
65,9,,60,140,57180002,0
35,10,,20,60,57180003,0
50,13,,60,120,57190001,0
65,13,,60,140,57190002,0
35,12,,60,140,57190003,0
58,12,,50,100,57200001,0
58,24,,30,80,57200002,0
55,5,,60,110,57320001,1
40,46,,60,120,57320002,1
60,32,,120,180,57350001,0
40,4,,90,150,57350002,0
60,8,,60,120,57350003,0
50,9,,60,120,57410001,0
40,12,,60,120,57410002,0
68,34,,60,110,57460001,0
40,42,,60,120,57460002,0
35,38,,120,180,57460003,0
68,22,,60,120,57500001,0
45,40,,240,360,57500002,0
39,44,,120,180,57500003,0
60,12,,60,120,57510001,0
70,12,,30,30,57510002,0
70,10,,30,60,57550002,0
55,30,,60,60,57560001,0
50,12,,240,360,57560002,0
45,12,,60,120,57610001,1
45,12,,60,120,57610002,0
46,12,,30,60,57630001,0
65,8,12,30,120,57630002,0
72,17,30,90,180,57650001,0
60,8,30,60,60,57650002,0
60,17,,60,120,57650003,0
68,14,36,30,60,57660001,0
45,12,,30,60,57660002,0
65,30,,120,120,57670001,0
55,12,,120,120,57670002,0
75,23,,60,110,57730003,0
89,21,,90,150,57760001,0
80,16,,120,180,57760002,0
75,26,,90,150,57800002,1
85,20,,60,120,57820002,0
65,38,,120,120,57890002,0
90,19,,90,180,57910001,0
89,23,,80,180,57910002,0
60,24,,90,120,57960001,1
75,43,,60,120,57960002,0
55,17,,30,60,57990003,0
89,17,,60,90,58000004,1
55,13,,120,120,58010001,0
50,9,,100,90,58010002,0
45,12,,60,120,58010003,0
50,9,,50,100,58010004,0
50,8,,30,80,58020001,0
50,12,,60,120,58020002,0
60,12,,30,80,58040001,1
69,12,,30,120,58040002,0
55,8,,30,100,58050002,0
50,12,,60,140,58050003,0
60,9,,30,100,58060001,0
65,12,,30,100,58060002,0
60,12,,30,90,58070001,0
50,12,,40,80,58070002,1
50,18,,60,160,58080001,1
50,8,,60,100,58080002,1
65,9,,60,140,58090001,0
58,4,,60,140,58090002,1
65,12,,60,140,58100001,0
55,12,,40,80,58100002,0
60,9,,30,80,58100003,0
35,12,48,30,60,58210001,0
70,30,,60,60,58210002,0
58,32,,90,120,58240001,0
55,6,,120,120,58240002,0
52,8,,120,180,58240004,0
55,8,,120,120,58250001,0
54,14,,90,90,58250002,0
45,24,,60,120,58250003,0
55,17,,120,180,58260002,0
35,12,,120,120,58260004,0
60,12,60,60,60,58290001,0
55,3,,60,120,58290002,0
65,48,,70,160,58600003,1
75,20,34,60,120,58970003,1
80,5,,60,60,59040001,0
50,29,,60,90,59040002,0
62,10,,100,120,59060001,0
52,28,,60,120,59060002,0
65,4,,60,60,59080001,0
70,6,12,60,60,59080002,0
89,43,,60,90,59190003,1
45,24,,90,180,59260002,0
50,36,,60,120,59320001,1
50,36,,120,180,59320002,1
50,36,,120,180,59320101,0
47,36,,120,240,59320102,0
50,30,,60,120,59360001,1
70,12,,120,180,59360002,1
70,6,,180,240,59360003,1
50,30,,60,120,59370003,1
55,12,,130,210,59450002,0
55,24,84,30,60,59460002,0
60,5,,90,150,59510003,0
55,24,48,120,200,59530002,0
22,24,,20,160,59540002,1
67,5,,70,140,59580101,0
67,7,,120,200,59580102,0
65,5,,135,200,59580201,0
65,5,,140,210,59580202,0
65,32,,60,120,59730001,0
55,20,,60,120,59730002,0
60,21,,60,120,59750001,0
40,7,,60,170,59750002,0
40,17,,60,180,59800002,0
45,41,,60,120,59930001,1
45,41,,60,120,59930002,1
55,5,,30,80,60070002,0
45,24,,45,80,60080002,0
60,41,,20,40,60090001,0
55,48,,20,40,60090002,0
55,40,,85,160,60090003,0
55,5,,60,150,60100001,0
60,5,36,15,80,60100002,0
55,1,36,30,80,60100004,0
55,24,,120,210,60110101,0
60,24,,140,220,60110102,0
55,24,,75,150,60110201,0
55,24,,135,210,60110202,0
55,7,,120,210,60120003,0
40,45,,60,60,60330001,0
40,45,,60,120,60330002,0
40,34,,60,120,60360001,0
35,47,,60,120,60360002,1
50,36,,60,120,60390001,0
70,3,,120,180,60390003,0
70,5,,150,240,60390004,1
60,14,36,30,120,60410101,1
55,14,36,60,120,60410102,1
48,20,,90,60,60510002,0
59,30,,60,60,60520003,0
48,10,,90,60,60600001,0
49,24,,90,60,60600002,0
50,30,,60,60,60940001,1
40,30,,60,60,61070003,0
70,36,63,60,60,61090001,1
65,36,63,60,120,61090002,0
68,27,12,60,120,61110003,0
55,10,,120,120,61350003,1
75,16,18,120,180,61370004,0
45,12,,30,80,61710003,0
60,24,,40,80,61720001,0
60,9,,90,160,61720002,0
50,16,,60,140,61720004,0
35,24,,60,140,61730001,0
50,9,,30,80,61730002,0
60,9,,60,120,61760001,1
60,19,,30,100,61760002,0
60,14,,60,160,61760003,1
45,16,,60,100,61770001,1
50,14,,60,140,61770002,0
50,14,,60,110,61770003,0
60,9,,60,120,61800001,0
60,9,,60,120,61800002,0
70,3,,120,300,61810003,1
56,18,,120,180,61830001,1
40,17,50,60,120,61830003,1
40,3,,120,120,61880002,0
40,62,,60,120,61900001,1
33,63,,60,120,61900002,1
65,12,,61,2,62050001,0
40,24,24,90,120,62050002,0
72,12,,60,60,62070003,0
75,19,,40,60,62090005,1
70,17,,90,120,62140003,0
40,31,,120,120,62140005,0
60,12,,60,120,62150003,1
60,48,60,60,120,62190001,0
100,4,60,60,120,62190002,0
45,16,,60,120,62310001,1
50,24,,30,60,62310002,1
46,37,,120,120,62560001,1
52,34,,30,180,62560002,1
52,32,25,120,180,62560003,1
49,27,,30,60,62590001,0
77,12,31,60,90,62590004,0
50,24,,60,120,62600002,1
63,10,,120,360,62600003,1
69,5,,120,360,62600004,0
55,18,,60,90,62620001,1
55,18,,60,60,62620002,1
55,18,24,60,90,62620004,0
52,17,,60,180,62700003,0
51,14,,60,120,62730101,0
51,14,,50,120,62730102,0
45,33,,90,180,62740004,1
72,33,,60,60,62770001,0
75,21,12,20,30,62810002,1
45,24,24,60,120,62870001,0
38,24,36,30,120,62870002,0
70,36,,20,40,62890002,1
30,24,,30,120,62890003,1
43,8,,120,120,62980004,0
28,36,,20,20,62990002,1
55,48,,30,60,63070001,1
50,48,,30,30,63070002,1
20,24,60,60,60,63070004,1
42,14,36,90,180,63200003,1
45,29,,60,180,63230101,1
45,28,,60,180,63230102,1
45,24,,60,120,63450004,1
,,,10,10,63590003,0
43,30,,120,180,63640002,1
35,60,84,120,120,63720002,1
40,24,84,120,120,63720003,1
60,36,60,30,120,63780001,0
59,36,60,20,120,63780002,0
70,17,,30,30,63910004,1
80,17,,60,60,63920002,1
68,31,36,30,30,64010002,0
75,16,,25,30,64020003,1
65,22,,30,20,64020004,0
70,22,,120,120,64050002,0
50,18,,120,120,64050005,0
87,19,,30,40,64070003,0
65,20,,30,30,64170003,1
50,18,,30,60,64250001,1
60,15,,30,90,64250002,1
52,13,36,90,100,64250003,1
50,30,,60,60,64280002,1
50,17,,60,120,64330004,1
38,44,,60,60,64340002,1
90,17,,60,120,64340003,0
35,43,,60,60,64380002,1
65,42,,60,120,64380003,1
58,41,,60,120,64400004,1
55,9,,30,90,64460001,1
65,16,,60,60,64490001,1
65,20,,60,60,64490002,0
57,5,,15,15,64510002,1
59,5,29,20,20,64530001,1
48,8,,15,15,64530002,1
48,9,29,30,30,64530003,1
56,4,,30,30,64580003,0
48,15,,90,90,64590003,1
52,5,,30,90,64600003,1
51,16,,60,90,64610001,0
52,2,,90,150,64610004,0
46,41,,120,120,64610005,1
45,6,,90,150,64630001,1
42,6,,90,150,64630002,1
51,4,,90,120,64630003,0
52,17,,60,120,64660001,0
52,17,,120,180,64660003,0
45,37,,120,120,64670001,1
42,37,,90,90,64670002,1
48,37,,120,240,64670003,0
52,9,,120,240,64690003,0
55,28,,120,180,64700003,0
55,28,,90,180,64700004,1
90,3,,60,60,64720002,0
50,56,,40,30,64770001,1
30,56,,60,60,64770002,1
70,29,,30,60,64790002,1
28,21,,60,60,64790003,1
44,50,,60,120,64950002,1
50,24,,10,20,65030001,1
50,36,,10,15,65030002,1
50,30,,30,30,65030004,1
50,8,,10,20,65090002,1
80,8,,20,40,65090003,1
20,24,,20,20,65090004,1
15,36,,20,40,65090005,0
70,24,,15,30,65100004,0
40,24,,10,20,65100101,0
75,6,,20,30,65410004,0
75,5,,30,30,65410101,1
63,36,,20,20,65550001,0
66,20,,40,40,65550002,0
48,37,,30,30,65550003,0
49,32,,30,30,65550004,0
50,34,,20,20,65680001,0
70,38,,30,30,65680002,0
60,30,,30,30,65680004,0
90,29,12,90,120,65810004,0
80,17,,60,60,65840001,0
52,27,,60,120,66010003,1
54,34,,120,240,66020002,0
52,9,,120,180,66050001,0
48,37,,120,120,66050002,0
42,27,,90,180,66060001,1
42,38,,60,120,66060002,1
80,22,,60,60,66290004,1
50,30,,60,60,66300003,0
35,36,,20,30,66310001,1
45,24,,20,20,66310002,1
55,1,,10,10,66310004,1
55,12,,30,30,66340001,0
55,24,,10,20,66340002,0
20,58,,30,30,66340007,1
50,36,,20,30,66370003,1
69,13,,30,80,66420004,1
43,43,,5,300,66480001,0
43,43,,20,40,66480002,0
50,20,,20,20,66560001,0
50,18,,20,20,66560003,0
50,8,,120,180,66640002,1
50,12,,0,120,66720001,0
30,72,,0,60,66720005,0
60,32,36,120,240,66720101,0
48,10,12,180,420,67010002,0
35,9,10,120,360,67010003,0
35,5,24,60,60,67050002,1
30,12,24,30,60,67050003,1
30,17,,30,30,67280002,1
50,60,,120,180,67370002,1
70,19,,120,120,68250101,1
42,58,,60,60,68300001,1
42,61,,60,60,68300002,1
27,26,11,150,320,68350003,0
40,44,36,120,120,68540001,1
40,71,,120,120,68540002,1
45,66,36,90,90,68540004,1
70,9,,60,120,68620002,0
49,20,,30,60,68620003,0
61,9,12,60,180,68620004,0
50,24,,60,60,68640001,0
55,32,,120,180,68640002,0
120,7,,120,300,68640004,0
33,58,,60,60,68650002,0
16,36,36,60,120,68800005,1
43,36,,10,10,68860003,0
55,51,,120,330,69040003,0
87,30,24,240,360,69090003,0
68,18,,30,120,69100002,0
56,36,,0,120,69100003,0
8,,4,60,120,69100004,0
30,55,,120,180,69120001,1
45,18,36,60,240,69120004,1
41,33,,120,120,69140002,0
80,21,,180,240,69140003,0
39,38,12,180,600,69140004,0
49,24,,120,240,69290001,1
75,30,,60,180,69410003,0
55,24,,60,90,69410101,0
55,24,22,60,120,69410102,0
22,70,,120,180,69410201,0
22,12,,120,180,69410202,0
51,30,16,240,300,69590003,1
55,13,72,30,30,69690003,0
45,36,,30,30,70110001,1
43,31,,120,180,70110002,1
49,72,,70,60,70110004,1
69,44,,60,180,70120003,0
65,36,,30,40,70510001,0
55,38,,60,60,70510002,0
62,28,,120,180,70510003,0
62,26,,90,120,70510004,0
45,24,,90,150,70540001,1
42,24,,60,120,70540002,1
53,24,,90,120,70540003,1
48,36,,120,120,70540004,1
58,40,,120,120,71020001,0
52,39,,120,120,71020002,0
66,20,38,60,60,71060004,1
80,11,,60,60,71180001,0
69,22,,0,180,71180002,0
110,7,30,120,60,71180003,0
64,26,,50,80,71340001,0
69,23,26,120,180,71360002,0
56,21,,240,60,71370002,0
35,44,4,120,120,71500002,0
50,6,,120,180,71550001,0
45,36,,60,120,71550002,0
50,12,,120,180,71550004,0
45,64,,340,270,71560002,0
30,42,,60,60,71560003,0
35,18,27,90,240,71560004,0
108,30,24,240,360,71570001,0
80,43,19,120,240,71570003,0
30,3,,30,150,71580004,0
95,3,,60,90,100020001,0
50,29,,60,120,100020002,0
66,3,,50,120,100050001,1
50,3,,90,150,100050002,1
33,31,,60,90,100050003,1
63,16,,60,120,100080002,0
50,5,,10,10,100120001,0
50,8,,10,10,100120002,0
65,5,,60,60,100130001,0
63,12,,60,60,100130002,0
55,10,,20,20,100150001,1
55,8,,20,30,100150002,0
65,7,,60,60,100160001,1
65,12,,60,60,100160002,0
65,20,10,10,10,100170001,1
60,36,,120,110,100290001,1
50,30,,120,60,100310002,0
45,27,,120,120,100360002,0
35,15,,120,60,100440003,0
65,14,,110,40,100460003,0
45,6,,120,60,100490003,0
55,6,,150,60,100490004,0
67,16,,120,30,100510002,0
55,26,8,160,60,100550002,0
52,5,,100,40,100550003,0
69,8,,90,30,100560002,0
62,16,60,60,120,100630002,0
65,2,,50,60,100650001,1
40,2,,30,30,100680001,0
55,28,,60,90,100760001,0
55,18,,60,120,100760002,0
75,40,67,30,45,100770001,1
51,19,,30,60,100780001,1
69,27,,40,90,100800001,1
51,29,,90,45,100800002,1
62,32,,40,60,100820003,1
69,18,,60,45,100830001,1
42,19,,80,30,100830002,0
58,29,,60,90,100860003,0
51,43,34,60,240,100880003,0
45,30,24,60,90,100880004,0
34,7,,80,120,100910002,1
55,12,53,60,120,101140001,0
35,61,,120,120,101190001,0
39,18,,90,120,101190002,0
69,40,28,120,180,101550002,0
59,33,,90,90,101570003,0
64,43,,170,180,101580002,0
39,41,,90,180,101580003,1
64,25,60,180,240,101590002,0
87,5,,170,100,101640001,0
74,28,,180,120,101660001,0
69,8,,120,120,101720002,0
69,14,,190,130,101720003,0
66,33,,90,90,101730003,0
69,29,,30,120,101820001,1
37,7,,30,60,101820002,0
55,31,86,30,60,101850001,1
43,29,86,40,60,101850002,1
68,22,,90,90,101860002,0
32,17,72,140,180,101860003,0
55,28,50,50,60,101870001,1
49,19,50,20,60,101870002,1
49,22,50,50,60,101870003,1
59,10,75,30,40,101880001,0
39,11,75,30,40,101880002,0
59,14,75,30,40,101880003,0
59,45,42,20,40,101890001,0
39,12,42,30,20,101890002,0
19,13,42,50,60,101890003,0
50,8,,60,90,101910001,0
79,15,,90,120,101930001,0
80,15,,60,90,101930002,1
48,12,78,120,180,102030001,0
84,14,78,90,90,102030002,0
32,3,78,120,120,102030003,0
70,5,,30,30,102040001,0
59,8,,90,100,102040002,0
45,6,,120,180,102060002,1
64,4,,120,150,102070001,0
61,17,,60,60,102070002,0
56,14,7,120,180,102070003,0
68,4,63,30,90,102080001,0
59,3,63,30,80,102080002,0
60,14,60,60,80,102090002,0
70,12,,60,120,102100001,0
70,6,,60,120,102100002,0
69,30,,60,120,102130001,0
69,30,,20,20,102130002,0
50,18,48,30,60,102150003,1
60,34,,60,90,102470001,0
36,12,60,90,120,102480001,0
35,43,12,60,90,102480003,0
55,46,,30,30,102590001,1
55,44,,30,60,102590002,1
70,32,30,30,60,102600003,0
30,14,30,20,30,102730002,0
65,14,24,60,120,102730003,0
55,24,,60,90,102860001,0
59,24,,120,180,102860002,1
55,12,,120,210,102870002,1
65,20,,60,120,102910001,1
55,1,,180,180,103390002,0
52,13,,120,240,103390003,0
45,34,,180,0,103400002,1
60,8,48,60,40,103410003,1
22,53,,60,60,103420001,0
42,9,,60,60,103430004,0
36,26,,60,120,103440001,1
36,26,60,0,90,103440002,0
54,27,36,120,240,103440003,0
50,17,,120,180,103450003,1
68,15,36,60,90,103450004,0
39,24,24,0,90,103470002,0
46,12,48,30,60,103470003,0
105,6,17,70,90,103560001,0
105,6,6,40,60,103560002,1
65,24,6,120,150,103560003,0
75,21,,120,90,103570002,0
90,32,80,120,180,103580001,0
50,32,80,90,210,103580002,0
105,24,6,160,180,103590001,0
45,72,6,40,60,103590002,0
45,48,24,90,150,103590003,0
69,39,,30,30,103600001,0
55,8,,40,80,103610001,1
48,4,,150,0,103610002,0
55,46,36,90,180,103620001,0
79,51,,30,180,103620002,0
38,21,27,60,60,103620003,0
37,12,2,60,120,103620004,1
15,22,,180,180,103620005,0
90,22,,180,300,103630004,0
69,36,72,120,360,103680001,1
65,36,72,180,300,103680002,1
55,30,60,120,120,103710002,1
34,36,44,30,30,103750003,1
55,48,24,120,240,103840003,0
50,24,24,60,60,103850003,0
50,24,,30,60,103900001,0
37,48,,60,60,104130001,0
18,14,,30,90,104130002,0
60,18,7,60,180,104130003,0
69,12,,120,240,104170001,0
19,12,,180,360,104170004,1
127,27,48,180,120,104180003,0
40,15,,30,60,104220001,1
59,10,,90,90,104220002,1
69,32,,60,60,104220004,1
35,27,,180,300,104230002,0
59,7,,120,180,104230003,0
50,24,4,120,120,104230004,0
39,40,,240,360,104280002,1
98,27,,60,60,104280101,0
42,18,20,60,60,104280102,0
35,48,24,90,180,104290001,0
35,48,38,60,180,104290002,1
50,26,36,150,150,104300003,0
19,2,,120,360,104500002,0
40,2,24,180,300,104500003,1
63,56,,180,180,104510003,0
60,48,12,60,90,104670001,0
45,24,24,120,150,104670004,0
82,38,96,60,180,104670101,0
65,24,,60,240,104670102,0
41,36,,120,240,104700001,0
150,8,25,180,300,104700101,1
55,1,,300,300,104710001,1
43,18,,60,120,104710002,0
27,41,,90,120,104710003,1
55,18,48,60,20,104720003,0
100,28,36,120,180,104720004,0
75,17,,60,60,104730001,1
55,36,,20,120,104730002,1
38,29,24,60,120,104730003,1
7,11,,60,180,104750001,1
10,22,,120,180,104750002,1
7,15,,1,3,104750003,1
28,24,36,180,300,104760003,0
68,41,,180,180,104760004,0
85,2,,30,30,104790001,0
38,1,,60,60,104790002,0
90,21,36,240,120,104810001,0
63,36,60,80,120,104810002,0
29,6,60,120,180,104810003,0
35,27,72,90,50,104830002,0
38,12,,150,240,104840001,0
40,12,4,240,180,104840002,0
39,2,,60,180,104850002,0
30,12,,300,450,104860101,0
69,34,22,120,300,104880001,0
23,23,22,180,300,104880002,0
70,6,22,180,240,104880003,0
79,24,12,60,60,104910002,0
30,60,12,90,90,104910003,0
17,36,156,300,180,104940001,1
50,30,,120,240,104970001,1
45,3,,40,150,104970002,1
65,24,48,30,30,105020001,1
68,2,,40,40,105070001,0
58,3,,40,60,105080002,1
80,3,,120,180,105080003,1
75,24,,40,40,105100001,0
65,19,,40,60,105120003,0
80,22,,60,60,105120004,0
32,10,,50,120,105140001,0
24,6,62,40,120,105140002,0
75,7,,60,180,105140003,0
68,38,,60,120,105180001,0
42,37,18,30,180,105180002,0
23,4,76,30,120,105190002,0
28,6,36,60,180,105190004,0
20,7,51,90,120,105220001,0
30,45,48,60,180,105220002,1
70,4,36,30,90,105220003,0
30,41,,60,120,105230001,0
35,22,,60,120,105230002,1
70,21,,60,180,105230003,0
30,45,,40,120,105250001,1
23,16,,30,120,105250002,1
48,38,9,90,180,105250003,0
25,42,,30,90,105260001,1
25,37,,60,120,105260002,1
70,27,36,60,180,105260003,0
67,45,,40,120,105270001,1
34,38,64,60,150,105270002,1
45,34,,50,120,105290002,0
30,43,72,60,120,105320001,1
35,22,70,40,120,105330001,1
42,20,72,30,90,105330002,1
30,19,,20,60,105440003,0
40,16,,40,60,105450003,1
40,28,,60,60,105460001,1
55,34,,20,20,105470001,0
49,47,,120,120,105470002,0
30,28,,30,30,105470003,0
55,24,29,30,40,105510003,0
50,24,,30,120,105540001,0
55,30,,20,60,105540002,0
65,36,,120,90,105570001,0
58,27,,20,60,105570002,0
55,29,,30,60,105590002,0
35,36,4,30,60,105590003,0
55,7,,20,20,105620001,0
50,39,,20,90,105620002,0
50,41,,20,60,105630001,0
50,12,,60,90,106160002,1
50,20,,60,90,106160003,0
40,17,,60,120,106160004,0
50,17,,60,120,106240001,1
50,12,,120,120,106260001,0
60,14,,120,180,106260002,1
60,46,,60,120,106360001,0
55,42,30,60,120,106360002,0
45,46,,120,180,106380002,1
55,42,,60,120,106390001,1
45,45,,120,240,106390002,1
70,4,,60,180,106650001,0
50,8,,90,180,106650002,0
30,42,,30,30,106660003,0
70,42,,30,60,106690001,0
40,30,,30,60,106690002,0
40,4,,30,60,106690003,0
75,15,,30,60,106700001,0
50,40,,10,20,106700002,0
59,37,48,60,120,106730004,0
37,24,,120,120,106770002,0
85,3,,30,60,106780001,1
40,48,,30,120,106780002,1
40,36,,150,180,106830001,0
56,6,,60,60,106850001,0
63,6,,90,90,106910001,0
55,24,,60,120,107020001,1
48,20,,90,150,107030001,1
52,21,30,120,180,107030003,1
48,14,24,120,180,107030004,0
52,27,,90,180,107040001,1
38,10,,120,120,107040002,1
48,40,,120,120,107050001,1
52,24,,90,180,107050003,0
52,6,,120,180,107050004,0
95,3,,60,190,107060001,0
55,15,,60,120,107060002,0
48,15,,30,120,107110001,1
48,32,,60,120,107110002,1
52,6,,120,120,107110003,1
38,19,,30,60,107550001,1
38,24,,30,90,107550002,1
28,5,,20,120,107570001,0
28,7,,60,90,107570002,0
45,23,,20,120,107610001,1
39,20,,15,90,107610002,1
44,9,,90,120,107830001,1
62,2,,120,150,107840001,1
62,4,,30,30,107870001,1
45,19,,70,120,107920001,1
55,2,,90,30,107930001,1
55,30,,30,40,107960003,0
70,24,,200,300,108010002,0
43,9,72,60,90,108250001,1
42,10,,30,30,108300002,1
68,15,,90,120,108330001,1
68,4,50,120,210,108340001,0
105,15,48,120,240,108340002,1
59,20,,60,120,108360001,1
87,16,72,150,60,108730001,0
99,16,,150,120,108730002,1
65,21,,180,110,108750004,0
76,15,38,150,180,108810003,0
55,7,38,100,170,108810004,0
70,10,,60,120,109020001,0
60,10,,30,90,109020002,0
70,18,36,60,120,109020003,0
70,30,,30,90,109050001,1
70,39,,20,120,109050002,1
45,8,39,70,80,109050003,1
70,21,,30,120,109080001,0
70,21,,20,60,109080002,0
69,16,,30,90,109080003,0
55,36,48,30,60,109090001,0
65,22,48,180,120,109090002,0
65,22,,120,120,109090003,0
65,12,36,180,300,109110002,0
117,6,,210,480,109130001,0
45,21,5,140,180,109130003,0
90,12,12,240,240,109140004,0
45,30,,120,60,109150002,1
35,29,24,60,150,109150004,0
69,60,,60,120,109170001,0
19,36,36,120,180,109170003,0
9,48,,120,90,109190001,0
33,38,34,60,120,109190003,0
65,29,,120,120,109200001,0
68,12,,30,120,109200002,0
30,26,,40,120,109270003,0
31,24,48,240,300,109330002,0
69,24,,60,60,109360001,0
33,3,,60,60,109360002,0
33,37,18,180,180,109360003,0
78,21,,120,120,109540001,0
70,14,40,90,30,109540002,0
63,20,78,120,60,109560002,0
49,46,,40,60,109570001,0
33,44,,40,50,109570002,0
65,21,27,90,90,109580002,0
74,25,29,150,90,109580004,0
75,18,,90,90,109590002,1
67,30,38,90,90,109600002,1
45,29,2,120,240,109610002,0
49,49,,40,40,109620001,1
33,40,,30,40,109620002,1
62,46,88,60,60,109630002,1
68,52,27,90,30,109640002,1
85,37,27,60,210,109640003,0
65,37,12,60,180,109660001,0
85,14,72,180,600,109670003,0
47,18,,150,150,109680002,0
74,7,,60,60,109690001,0
69,7,,150,120,109690002,0
33,26,64,50,50,109700002,0
33,18,64,30,60,109700003,0
55,42,,90,240,109710001,0
49,7,,60,120,109710002,0
55,26,66,120,270,109730002,0
68,29,,90,150,109780003,0
59,6,41,60,90,109820001,0
49,6,41,60,90,109820002,0
62,30,41,60,120,109820003,1
46,28,,30,60,109830001,1
55,30,85,60,120,109850001,1
55,30,85,60,120,109850002,1
63,17,85,90,180,109850003,0
70,4,85,60,120,109850004,1
67,11,21,110,120,110020003,0
65,27,,65,120,110030002,1
65,27,38,110,150,110030003,0
57,26,,80,60,110070002,0
69,10,,180,60,110090002,0
50,8,,10,10,110240001,0
50,8,,10,10,110240002,0
65,5,,60,60,110250001,1
68,5,,60,60,110250002,0
68,8,,20,30,110260002,0
45,5,,30,30,110320002,1
55,3,,90,90,110330001,0
55,2,,60,60,110330002,0
55,27,,90,90,110330003,0
55,24,,120,120,110330004,0
47,14,,90,90,110350001,0
47,14,,60,60,110350002,0
55,3,,120,120,110360001,1
37,2,,120,120,110360002,1
55,5,,90,90,110360004,1
69,29,,60,60,110370001,0
38,4,,120,60,110370002,0
55,15,,120,120,110370003,0
55,16,,90,90,110380001,0
55,5,,30,30,110380002,0
55,4,,90,120,110380004,1
69,2,,60,60,110390001,1
52,6,,90,60,110390002,1
52,29,,120,120,110390004,0
55,29,,180,180,110400001,1
55,32,,120,120,110400002,1
55,26,,120,120,110400004,1
70,26,,20,20,110540001,0
70,26,,30,30,110540002,0
70,26,,30,90,110610001,0
50,10,,40,90,110610002,0
69,26,51,40,90,110630001,0
70,26,51,30,90,110630002,0
60,34,,60,120,110650001,0
55,36,,30,90,110650002,0
35,6,,30,60,110650004,0
69,28,,30,120,110660001,0
50,28,,60,120,110660002,0
70,8,,20,60,110670001,0
70,47,,60,120,110670002,0
6,38,,30,90,110690001,0
40,38,,30,60,110690002,0
60,39,,390,60,110730001,0
60,17,,60,60,110790001,0
55,15,,30,30,110790002,0
45,27,,20,20,110800002,1
45,27,42,20,30,110800003,1
48,30,29,120,270,110820001,1
100,24,,180,60,110830001,1
66,24,,240,60,110830002,1
54,11,,90,130,110910001,0
29,2,,190,390,110910002,0
55,36,48,120,180,111040001,1
47,20,,90,90,111080001,1
55,36,,60,60,111080004,1
43,36,,60,60,111090001,0
33,36,,30,30,111090002,0
47,32,84,120,120,112030003,1
33,32,,60,120,112040002,1
33,42,10,90,100,112050003,1
79,10,40,50,110,112100004,1
33,48,29,40,70,112110005,1
33,33,,110,110,112210002,1
49,44,,100,100,112210003,1
33,43,27,100,100,112210004,1
47,30,42,100,100,112220002,0
49,31,36,90,110,112230003,1
33,5,24,100,100,112280003,1
49,43,36,100,100,112290003,0
33,39,48,100,110,112290004,0
62,21,4,90,120,112320001,1
62,25,,120,180,112320002,1
65,16,,120,150,112430001,0
65,15,,90,120,112430003,1
65,15,,90,120,112470003,0
56,24,,120,180,112520001,0
27,10,,180,300,112520002,0
56,16,30,120,180,112520003,0
66,41,48,60,180,112530001,1
51,4,48,120,240,112530002,1
51,29,,120,120,112540001,0
24,12,,90,180,112540002,0
36,14,,120,180,112560002,0
41,6,18,60,240,112560003,0
41,6,18,120,120,112560004,0
45,38,,120,150,112580001,0
45,38,,180,180,112580002,0
47,12,,120,120,112610002,1
55,12,,180,240,112610003,1
38,43,48,90,120,112650001,1
27,43,48,120,180,112650002,1
53,43,5,180,180,112710001,1
42,37,,180,180,112710002,1
41,44,48,150,240,112730001,1
43,44,48,120,120,112730002,1
50,14,,60,120,112790001,0
55,37,,60,120,112790002,0
19,36,,60,120,112790004,0
75,3,75,120,60,112800002,0
,,30,30,120,112800004,1
,,30,30,120,112800005,1
89,30,12,60,300,112820001,0
72,30,,120,300,112820002,0
50,17,,60,120,112840001,0
60,29,,60,120,112880001,0
60,20,,120,180,112880002,1
60,17,,60,120,112880003,0
50,27,,90,120,112900001,0
54,24,,80,120,112900002,0
95,6,48,180,60,112910002,1
59,1,12,180,60,112910003,1
27,6,,60,90,112950001,0
55,1,60,120,120,112950002,0
28,19,31,180,180,112950003,0
50,20,,90,180,112970001,1
50,17,,70,70,112970002,1
50,18,,90,60,113000001,1
45,6,,90,60,113000002,1
60,12,,120,60,113000003,0
60,22,72,120,60,113150003,1
60,34,,60,120,113160001,0
55,36,,30,90,113160002,0
58,30,,30,30,113190001,0
47,46,,120,150,113190002,0
78,36,,120,120,114200001,0
69,36,60,120,240,114200002,0
46,18,,240,60,114200003,0
25,36,60,180,240,114210001,0
52,36,,180,180,114210002,0
75,12,,240,120,114220001,1
69,4,,60,180,114230002,0
25,12,3,60,180,114230004,0
73,34,27,60,120,114240001,1
73,41,,240,360,114240002,0
75,32,25,60,60,114250001,1
176,6,,180,300,114270001,0
14,24,18,120,240,114270003,0
40,6,,120,240,114270004,1
118,5,16,60,60,114280001,1
112,6,,0,120,114280003,1
107,25,,60,60,114290001,0
32,27,,0,120,114290002,0
66,18,,360,540,114290003,1
40,20,31,60,120,114400004,1
100,20,,120,60,114410001,0
55,25,,240,390,114410004,0
100,28,,30,30,114430001,1
35,2,24,120,240,114430004,1
80,17,,300,300,114460001,0
80,4,,240,240,114460002,0
50,5,,300,600,114460004,0
30,48,3,60,120,114480002,1
100,30,,90,240,114500001,0
103,24,30,270,300,114500002,0
50,12,24,60,180,114500003,0
80,50,,180,300,114520001,0
100,6,,60,180,114520002,0
64,24,,60,180,114520003,0
92,10,6,180,300,114520004,0
55,32,,30,60,114530003,0
55,17,,190,330,114550003,1
35,33,,240,240,114560001,0
7,16,,120,240,114560004,1
39,53,,60,120,114570001,0
45,26,48,420,420,114570003,0
30,6,20,40,180,114570004,0
55,25,,60,60,115670001,0
55,8,,30,30,115670002,0
112,13,,60,90,115710001,0
67,12,36,120,180,115710002,1
80,6,36,10,10,115770002,0
40,72,9,60,120,115810001,1
45,48,9,10,20,115810002,1
69,12,,90,120,115830001,1
59,9,,60,120,116190001,1
56,10,,60,120,116190002,1
48,10,,120,90,116240001,0
49,9,,80,60,116240002,0
55,12,,135,210,116520001,0
60,12,,120,210,116520002,0
55,12,,120,210,116530001,0
60,12,,90,120,116530002,0
45,30,,60,60,116650002,1
100,24,36,120,120,116650003,0
26,48,,0,120,116690001,1
70,48,24,30,30,116690002,1
107,38,,180,300,116720001,0
100,40,,150,60,116720002,0
69,18,48,120,300,116720003,0
120,24,,60,300,116720004,0
65,16,,60,120,116730002,0
89,32,20,120,240,116730004,0
40,54,,10,10,116990002,1
140,36,53,120,60,117030001,0
60,21,,20,60,117250001,0
60,21,,20,90,117250002,0
50,49,,180,300,117860002,1
41,14,,120,180,117860005,0
55,13,,60,60,117930001,0
30,21,,60,120,118020001,0
95,21,,120,180,118020002,0
40,15,53,300,300,118050001,0
,,22,180,300,118050002,1
15,22,,120,60,118080002,0
25,36,,120,300,118130002,0
63,51,,60,90,118140001,0
49,23,,180,300,118140002,0
,,,120,150,118140005,1
62,13,24,60,60,118170002,0
33,47,36,120,180,118240003,0
52,50,,420,420,118240004,1
68,10,,120,240,118290001,1
80,6,,120,120,118300001,0
49,18,,10,10,118300002,1
